country,region,income_level,year,gdp_per_capita_usd,health_expenditure_per_capita_usd,life_expectancy_years,infant_mortality_per_1000,maternal_mortality_per_100k,doctors_per_1000,hospital_beds_per_1000,hiv_prevalence_pct_15_49,tb_incidence_per_100k,malaria_incidence_per_1000,vaccination_dtp3_coverage_pct,water_access_pct,sanitation_access_pct,obesity_rate_pct,smoking_prevalence_pct,pm25_ug_m3,undernourishment_pct,uhc_service_coverage_index,oop_share_health_spending_pct,ncd_mortality_per_100k
Germany,Europe,High,2010,40628.49,4169.74,81.74,3.14,9.9,2.99,3.86,0.19,7.1,0,95.4,98.4,97.7,23.8,19.5,9.9,1.9,95,18.9,311
Germany,Europe,High,2011,42894.44,4212.08,83.2,2.53,9.1,3.04,4.33,0.19,6.9,0,93.8,98.7,98,25.3,18.5,8.8,2.1,95,17.4,309
Germany,Europe,High,2012,41583.63,4489.92,83.92,3.03,10.6,2.91,4.13,0.19,7.3,0,95.2,98.7,97.8,25.4,18.8,9.7,2.1,95,17.1,312
Germany,Europe,High,2013,44388.37,4628.62,84.25,3.09,9.9,3.31,3.67,0.19,6.7,0,95.7,98.2,99.5,25.3,18.7,9.3,1.8,95,14.9,310
Germany,Europe,High,2014,43676.06,5221.87,84.71,2.72,10.2,3.12,4.44,0.18,6.4,0,94.4,100,100,25.3,17.6,8.7,1.8,95,12.9,304
Germany,Europe,High,2015,45211.76,4840.23,84.89,2.86,11,3.16,4.31,0.18,5.4,0,96,100,100,25.8,17.5,8.8,2,95,13.5,306
Germany,Europe,High,2016,48974.56,5467.75,84.93,3.01,8.7,3.26,4.75,0.17,6,0,95.7,99.8,100,25,17.6,8.8,2,95,8.7,303
Germany,Europe,High,2017,46504.53,5251.52,86.44,2.56,9.8,3.4,3.95,0.18,6.2,0,95.1,100,100,26.3,17.3,9.4,1.7,95,11.1,306
Germany,Europe,High,2018,50175.99,5586.54,86,3.05,9.9,3.03,4.46,0.16,6.3,0,95.7,100,100,26.9,18,9,1.6,95,7.5,311
Germany,Europe,High,2019,48540.63,5349.66,86.86,2.78,9.7,3.39,4.34,0.18,5.7,0,97.3,100,100,26.9,16.7,9.4,1.7,95,9.5,306
Germany,Europe,High,2020,50615.01,5467.35,85.68,2.66,10.1,3.32,4.09,0.17,5.9,0,78,100,100,27.1,16.9,9.5,1.8,94.1,7.8,310
Germany,Europe,High,2021,49907.85,5563.29,87.38,2.8,9.8,3.95,4.5,0.17,6,0,77.8,100,100,26.8,16.2,8.9,1.9,93.6,7.8,303
Germany,Europe,High,2022,49683.69,6278.29,87.38,2.59,10.1,3.35,4.16,0.15,5.7,0,97.5,100,100,29,16.6,7.7,1.6,95,5.1,310
Germany,Europe,High,2023,54147,6480.32,88.36,2.63,9.6,3.52,4.15,0.15,5.1,0,99.2,100,100,28.3,17.2,9.2,1.4,95,5,310
Germany,Europe,High,2024,55815.09,6778.89,88.89,2.7,9.7,3.24,4.42,0.13,4.7,0,96.4,100,100,27.4,16,9.3,1.3,95,5,303
France,Europe,High,2010,38754.6,4354.93,75.78,2.86,10.5,3.01,3.87,0.21,7.2,0,95.6,98.2,97.3,24.8,18.4,10,2,95,19.3,321
France,Europe,High,2011,43831.99,4383.68,76.88,2.91,9.7,3.15,4.19,0.21,7.6,0,95.8,99.1,99,24.4,17.9,10.3,1.8,95,16.2,317
France,Europe,High,2012,46835.86,4397.51,76.31,3.13,10.4,3.11,4.17,0.2,6.2,0,94.7,100,99,24.2,17.5,10.1,1.8,95,14.3,315
France,Europe,High,2013,41807.56,4885.4,77.66,2.82,9.4,3.08,3.77,0.18,6.2,0,95.9,100,100,24.9,17.5,9.2,1.9,95,15.4,314
France,Europe,High,2014,44153.4,5045.85,77.5,2.98,10.8,3.06,4.17,0.2,6.2,0,95.8,100,99.4,25.3,17.6,10.5,1.9,95,13.3,319
France,Europe,High,2015,50952.32,4850.88,79,2.91,11.1,2.98,3.93,0.18,5.2,0,95.2,100,100,27,17.6,9.2,1.7,95,10,321
France,Europe,High,2016,48360.93,4806.5,80.05,3.06,9.3,2.87,4.41,0.18,6.7,0,95.6,100,100,25.4,17.3,8.9,1.7,95,11.8,311
France,Europe,High,2017,48691.12,5520.29,79.86,2.65,8.5,3.37,4.22,0.17,6.7,0,97.5,100,100,27.4,16.7,9.9,1.8,95,8.7,320
France,Europe,High,2018,52994.21,5172.15,80.33,3,8.3,3.01,3.74,0.18,6.2,0,96.6,100,100,24.9,16.6,9.5,1.7,95,7.5,308
France,Europe,High,2019,45548.7,5594.92,79.61,2.92,9.7,3.07,4.08,0.17,5.7,0,95.8,100,100,25.9,16.4,8.6,1.6,95,10.3,310
France,Europe,High,2020,47757.39,6439.01,80.1,2.7,9.6,3.24,4.16,0.18,5.9,0,77.5,100,100,25.6,16.9,10,1.6,93.6,5.6,313
France,Europe,High,2021,55145.17,6005.09,82.4,2.99,9.3,3.13,3.89,0.17,5.1,0,77.6,100,100,27.7,16.1,9.8,1.6,95,5,315
France,Europe,High,2022,52440.08,6581.07,82.16,2.58,9.1,3.17,3.95,0.17,6.1,0,97.8,100,100,26.8,15.5,8.9,1.4,95,5,308
France,Europe,High,2023,56757.28,6146.42,82.17,2.58,8.8,3.47,4.37,0.15,5.2,0,95.8,100,100,28,15.3,7.8,1.3,95,5,310
France,Europe,High,2024,57337.52,6398.18,82.25,2.82,8.1,3.36,4.03,0.15,5,0,97.3,100,100,28.5,15,8.9,1.6,95,5,313
United Kingdom,Europe,High,2010,44150.8,4640.5,82.11,3.23,9.6,2.65,3.81,0.18,6.6,0,96.6,99.3,97.7,25.5,16.7,10.1,2.1,95,14.9,309
United Kingdom,Europe,High,2011,38154.11,4856.9,82.99,2.92,10.3,3.32,4.07,0.2,6.4,0,96,98.5,98.7,24.7,18,10.1,2.1,95,17.7,308
United Kingdom,Europe,High,2012,41318.77,4604.22,82.68,2.9,10,3.13,3.86,0.2,7.2,0,97.2,99,97.7,24,18.3,10.1,1.9,95,16.8,307
United Kingdom,Europe,High,2013,44210.33,4489.85,85.22,2.98,9.8,3.16,4.17,0.19,6,0,97.4,100,100,25.2,16.8,9.6,1.9,95,15.5,303
United Kingdom,Europe,High,2014,47250.99,4447.34,85.15,2.92,9.4,2.92,3.75,0.2,6.3,0,94.5,100,100,25.6,16.4,9.4,1.8,95,13.9,303
United Kingdom,Europe,High,2015,39797.16,5068.43,84.57,3.05,10.9,3.28,4.05,0.18,7.4,0,96,100,100,26,16.7,9.1,1.8,95,15.8,305
United Kingdom,Europe,High,2016,45917.52,4996.74,85.25,2.86,10.6,2.72,4.35,0.19,5,0,95.8,99.9,100,25.5,17.7,9.9,1.9,95,12.5,307
United Kingdom,Europe,High,2017,50146.45,4992.24,85.35,2.97,8.7,3.28,4.1,0.18,6.1,0,96,100,100,27.1,16.9,9.1,1.7,95,9.9,309
United Kingdom,Europe,High,2018,46497.24,5794.37,86.04,2.78,10.1,3.08,3.88,0.16,6,0,98.2,100,100,27,16.4,8.9,1.7,95,8.9,306
United Kingdom,Europe,High,2019,50704.41,5997.36,86.7,2.88,9.1,3.22,4.25,0.16,4.9,0,96.9,100,100,27.4,16,8.6,1.6,95,5.6,305
United Kingdom,Europe,High,2020,48314.93,5901.09,85.29,3.04,9.7,3.3,4.42,0.18,5.8,0,76.9,100,100,27.8,15.7,9.1,1.5,92.4,7.4,308
United Kingdom,Europe,High,2021,51961.13,5397.46,86.23,2.62,8.7,3.46,4.03,0.19,5.5,0,77.4,100,100,27.7,17.1,8.8,1.7,94.4,7.2,310
United Kingdom,Europe,High,2022,52873.3,6017.34,89.13,2.69,10.4,3.43,4.13,0.17,5.5,0,95.8,100,100,27.8,16,8.9,1.4,95,5,303
United Kingdom,Europe,High,2023,57064.55,6390.86,88.88,2.96,9.7,3.42,4.25,0.15,5.1,0,97.7,100,100,29,15.5,9,1.5,95,5,307
United Kingdom,Europe,High,2024,57285.1,6654.67,88.72,2.78,8.8,3.3,4.22,0.16,4.7,0,96.8,100,100,29.6,15.5,9.1,1.3,95,5,310
Italy,Europe,High,2010,38464.4,4400.82,80.47,3.19,9.4,3.26,4.18,0.2,7.5,0,95.4,99.2,98.6,25.1,19.7,9.5,2,95,19.3,318
Italy,Europe,High,2011,39916.33,4393.52,80.43,3.11,11.1,3.05,4.07,0.2,6.6,0,95.4,97.9,100,26.5,17.8,9.6,2.1,95,18.5,318
Italy,Europe,High,2012,43109.05,4864.92,82.5,2.85,9.4,2.95,4.11,0.2,7.8,0,95.6,99.8,100,27.3,17.7,9.4,2.1,95,14.7,318
Italy,Europe,High,2013,45086.52,5348.51,82.12,2.8,10.4,3.37,4.47,0.2,7.2,0,96.9,100,99.6,25.8,18.5,9.1,2,95,11.6,314
Italy,Europe,High,2014,43918.92,4958.54,83.02,2.88,9.9,3.01,4.47,0.2,7.6,0,96,100,100,25.8,17.8,9.9,1.9,95,13.8,312
Italy,Europe,High,2015,44973.2,5144.22,83.37,2.66,9.9,3.14,4.59,0.17,6.1,0,97.5,100,100,27.6,16.7,8.2,1.9,95,12.4,312
Italy,Europe,High,2016,46015.15,4900.15,83.63,2.85,9.4,3.08,4.54,0.19,6.2,0,95.1,99.8,100,26.4,17.4,9.2,1.9,95,12.8,311
Italy,Europe,High,2017,45371.27,5818.88,83.64,2.98,9.9,3.39,4.49,0.18,6.4,0,96.5,100,100,27.8,16.8,10.2,1.8,95,9.5,316
Italy,Europe,High,2018,46051.68,5532.2,83.76,2.92,9.2,3.27,3.98,0.17,4.8,0,97.3,100,100,26.1,16.9,9.1,1.6,95,10.2,308
Italy,Europe,High,2019,54618.63,5921.11,84.52,2.76,9.7,3.03,4.36,0.17,5.4,0,98.4,100,100,27.6,17.4,9.5,1.7,95,5,315
Italy,Europe,High,2020,49156.78,6001.31,84.57,2.92,10.1,3.58,4.31,0.18,5.8,0,77.4,100,100,26.9,16.3,8.7,1.7,93.6,6.5,307
Italy,Europe,High,2021,55001.2,5692.08,84.79,3.11,10.7,3.51,4.46,0.17,5.8,0,77.9,100,100,28.2,16.1,9.6,1.5,95,5,313
Italy,Europe,High,2022,50787.61,6111.21,86.72,2.98,9.1,3.65,4.46,0.16,5.8,0,95.7,100,100,27.4,16.4,9,1.6,95,5.1,307
Italy,Europe,High,2023,54459.15,5916.57,86.55,2.88,9.7,3.43,4.66,0.14,5.7,0,97.1,100,100,29.1,15.8,8.8,1.5,95,5,312
Italy,Europe,High,2024,58564.34,6329.04,86.28,2.83,9,3.25,4.41,0.17,5.5,0,97.3,100,100,28.7,16,9,1.5,95,5,312
Spain,Europe,High,2010,37920.19,4572.14,79.08,2.89,11.1,2.98,4.12,0.21,7.3,0,95.3,100,97.9,24.1,18,10.6,2.1,95,19,313
Spain,Europe,High,2011,42515.78,4233.3,81.17,2.78,10,2.92,4.08,0.2,7,0,96.7,99.8,98.3,24.9,17.9,9.2,2,95,17.6,310
Spain,Europe,High,2012,43886.49,4596.44,81.5,2.94,9.8,3.04,4.12,0.18,5.9,0,94.6,98.8,96.6,23.9,16.4,10.8,2,95,15.3,304
Spain,Europe,High,2013,42099.83,5465.73,81.74,2.89,8,3.45,3.85,0.18,7.1,0,96.9,100,100,25.3,17.3,9.8,1.8,95,12.9,310
Spain,Europe,High,2014,44659.79,4726.07,81.47,2.63,9.5,2.97,3.92,0.19,7.1,0,94.3,99.6,100,24.2,16.6,9.9,1.7,95,14.3,304
Spain,Europe,High,2015,46242.36,4677.99,81.75,2.97,8.5,3.22,4.17,0.19,6.4,0,96.1,100,100,25.6,16.6,9.5,1.7,95,13.5,308
Spain,Europe,High,2016,45635.55,4780.7,83.64,2.68,9,3.07,4.38,0.18,6.8,0,96.4,100,100,24.5,16.5,9.7,1.8,95,13.5,302
Spain,Europe,High,2017,47951.6,5313.29,83.1,2.85,10,3.57,4.1,0.17,6,0,95.6,100,100,25.2,16.5,10.2,1.6,95,10,306
Spain,Europe,High,2018,49095.12,5298.39,82.94,2.75,8.5,3.25,4.07,0.18,5.1,0,97.3,100,100,26.9,15.4,10.1,1.7,95,9.3,310
Spain,Europe,High,2019,49009.27,5606.18,84.37,2.85,9.6,3.12,4.29,0.16,5.7,0,96,100,100,26.6,15.3,8.9,1.7,95,8.2,304
Spain,Europe,High,2020,51159.96,6561.56,83.95,2.89,9.1,3.33,4.24,0.18,6,0,76.9,100,100,25.5,14.6,9.2,1.8,95,5,299
Spain,Europe,High,2021,53583.73,6191.57,84.24,2.82,9.9,3.29,4.35,0.17,5.2,0,78,100,100,25.9,15.5,8.9,1.6,95,5,302
Spain,Europe,High,2022,56100.67,6020.95,85.96,3.02,9.5,3.37,4.03,0.16,5.2,0,97.1,100,100,26.9,15.5,8.8,1.3,95,5,303
Spain,Europe,High,2023,53369.86,6111.7,85.23,2.87,10,3.6,4.29,0.17,5.2,0,96.9,100,100,27.3,15.2,8.7,1.5,95,5,304
Spain,Europe,High,2024,60605.25,6658.93,85.54,2.33,9.6,3.19,4.3,0.15,4.3,0,98.4,100,100,27,15.1,7.8,1.4,95,5,300
Poland,Europe,Upper-Middle,2010,15779.93,849.95,76.54,12.79,46.8,2.21,2.42,0.64,46.6,2.44,91.4,94,87.2,21.8,21.1,28,6.2,67.4,47.1,351
Poland,Europe,Upper-Middle,2011,15167.79,919.07,75.09,11.51,52.3,1.95,2.38,0.62,48.8,2.2,91.1,93.7,87,22.7,21.1,24.3,6.5,67,47.2,350
Poland,Europe,Upper-Middle,2012,16342.2,961.6,77.65,11.68,51,2.04,2.56,0.64,45.5,2.08,91.3,94.4,88.2,21.2,19.8,27.5,5.4,68.2,46.3,343
Poland,Europe,Upper-Middle,2013,16169.13,947.01,76.98,12.67,50.5,1.99,2.51,0.6,41.9,2.31,91,95.8,90.3,22.9,21,22.3,5.9,67.8,46.5,344
Poland,Europe,Upper-Middle,2014,16252.86,958.6,77.6,12.9,47.4,2.1,2.77,0.58,50.6,1.96,89.1,96.2,90.5,23.2,21.1,23.7,5.1,66,46.4,347
Poland,Europe,Upper-Middle,2015,17069.72,965.1,77.35,12.35,52.5,2.13,2.41,0.58,44.9,1.58,90.8,95.9,89.8,23,20.3,24.3,5.2,68.3,45.9,346
Poland,Europe,Upper-Middle,2016,17312.85,1089.25,77.92,13.09,45.4,2.14,2.69,0.52,34.5,1.3,92.2,95.7,94,22.4,20.3,25.6,6.1,70.3,45.3,345
Poland,Europe,Upper-Middle,2017,20020.81,1148.65,79.21,12.21,48.9,2.07,2.48,0.55,38.7,1.51,91.9,97.6,91.8,24,19.3,22.9,5,71.9,43.4,341
Poland,Europe,Upper-Middle,2018,16864.12,1092.55,78.98,12.78,48.1,2.04,2.84,0.58,40.1,1.51,90.6,96.6,93.4,24.5,20.7,22.3,4.7,68.4,45.5,346
Poland,Europe,Upper-Middle,2019,19184.19,1005.63,79.69,11.54,44.3,2,2.68,0.52,33.9,0.86,91.6,99.1,94.6,23.1,19.2,23.3,4.7,71.2,44.5,337
Poland,Europe,Upper-Middle,2020,19337.46,1204.95,79.93,11.62,45.3,2.1,2.51,0.52,37.6,1.64,73.2,99.2,93,23.7,18.9,19.2,5.2,56.8,43.6,330
Poland,Europe,Upper-Middle,2021,20840.53,1159.1,79.69,11.98,40.7,2.15,2.74,0.48,36.4,1.1,74.3,98.1,92,24.7,18.7,21.1,4.8,58.7,42.9,338
Poland,Europe,Upper-Middle,2022,21730.22,1132.5,80.89,11.72,47.1,2.25,2.6,0.49,34.9,1.11,89.5,98.9,95.4,22.4,18.3,22.8,5.3,71.5,42.4,329
Poland,Europe,Upper-Middle,2023,21021.83,1179.14,81.19,12.29,42.6,2.16,2.6,0.47,34.1,1.57,92.6,98.6,94.5,23.2,19.1,21.6,4.5,73.5,42.7,332
Poland,Europe,Upper-Middle,2024,24874.61,1282.59,81.3,11,47.9,2.28,2.48,0.51,31.1,1.54,93.5,98.8,96.9,24.6,18.9,22.1,4.2,77.5,39.9,337
United States,North America,High,2010,45179.13,4563.37,78.86,3.07,10,3.08,4.14,0.21,7.7,0,96.1,100,97.9,23.6,17.7,10.9,1.9,95,14.6,311
United States,North America,High,2011,39141.44,4407.35,79.65,3.11,10,3.01,4.14,0.19,7.7,0,96.3,100,99.8,25.1,18.1,10,1.8,95,18.9,315
United States,North America,High,2012,43087.64,4348.93,80.33,2.91,10.3,3.14,4.19,0.21,6.5,0,94.1,99.9,100,24.9,17.3,10.2,1.9,95,16.8,311
United States,North America,High,2013,44364.37,4956.33,80.48,3.17,10.3,3.08,4.41,0.21,6.5,0,96.6,100,97.2,26.6,17.2,9.7,1.9,95,13.6,317
United States,North America,High,2014,45226.72,5160.71,80.32,3.05,9.8,3.27,4.42,0.18,7,0,96.5,100,100,26,17.1,9.7,1.7,95,12.2,314
United States,North America,High,2015,47839.87,4591.86,80.43,2.75,10.6,3.45,4.28,0.19,6.3,0,95.1,100,100,26.8,17.2,10.2,1.4,95,12.9,319
United States,North America,High,2016,48799.79,5015.14,80.44,3.01,10.8,3.19,4.53,0.2,6.8,0,96.9,100,99.6,26.5,16.5,10.7,1.7,95,10.7,316
United States,North America,High,2017,48698.16,5532.19,82.05,3.2,9.4,3.27,4.18,0.17,5.7,0,95.9,100,100,26.8,16,9.8,1.7,95,8.7,312
United States,North America,High,2018,45985.27,5388.15,82.05,2.94,10.7,2.97,4.39,0.18,6.2,0,95.8,100,100,28,16.6,10.4,1.6,95,10.9,320
United States,North America,High,2019,49000.65,5114.12,81.9,2.6,9.9,3.39,4.04,0.19,5.5,0,98.3,100,100,26.7,15.4,8.8,1.6,95,10.1,308
United States,North America,High,2020,48292.56,5714.64,82.71,2.84,9.3,3.36,4.5,0.17,6.2,0,77.9,100,100,28.5,16.4,8.8,1.6,92.8,8.2,316
United States,North America,High,2021,50534.81,5933.4,83.12,2.83,9.6,3.05,4.3,0.17,5.5,0,79.1,100,100,28.3,15.8,10,1.4,95,5.9,316
United States,North America,High,2022,57318.48,6392.01,84.02,3.05,9.4,3.44,4.5,0.17,5.7,0,95.6,100,100,29,16.4,8.3,1.4,95,5,316
United States,North America,High,2023,52904.03,6085.5,84.72,2.93,10.3,3.66,4.34,0.16,4.5,0,98.4,100,100,27.9,15.7,8.9,1.3,95,5,310
United States,North America,High,2024,58412.81,6120.89,85.37,2.87,9.4,3.38,4.46,0.16,4.9,0,99.2,100,100,29.3,15.4,9.3,1.4,95,5,314
Canada,North America,High,2010,41495.82,4126.15,73.86,3.47,9.6,2.63,4.11,0.2,8,0,95.5,98.5,97.9,26.7,17.2,10.1,2.2,95,18.6,328
Canada,North America,High,2011,43436.72,4571.72,74.38,2.99,10.4,2.99,4.32,0.18,7,0,96.3,99.3,96.5,26,17.4,9.5,2,95,15.7,323
Canada,North America,High,2012,45313.81,4080.3,76.56,3.24,10.3,3.06,4.27,0.19,6.9,0,95.5,99.6,99,25.1,18.3,10.1,1.6,95,16.5,321
Canada,North America,High,2013,45029.86,4871.26,75.15,2.96,10.9,3.25,4.07,0.18,6,0,95,100,100,25.9,17.9,10,1.9,95,13.5,324
Canada,North America,High,2014,45767.51,5187.72,76.09,3.23,10.6,3.19,4.48,0.18,5.9,0,95,99.9,100,25.2,17.2,8.5,2,95,11.8,315
Canada,North America,High,2015,46002.77,4835.71,76.51,3.16,8.9,3.04,4.11,0.17,6.6,0,95.7,99,100,25,17.2,9.6,2.1,95,13.1,316
Canada,North America,High,2016,44111.18,4274.29,76.71,3.3,10.8,3.22,4.19,0.18,5.6,0,96.6,100,100,26.6,16.7,9.3,1.6,95,16.4,320
Canada,North America,High,2017,46718.79,5223.5,76.76,2.99,9.3,3.4,4.31,0.17,5.8,0,97.1,100,100,26.3,16.1,8.8,1.8,95,11.1,316
Canada,North America,High,2018,51768.49,5576.49,77.67,3.09,9.7,3.31,4.31,0.17,5.5,0,96.4,100,100,27.5,17.2,9.2,1.8,95,6.6,324
Canada,North America,High,2019,49231.16,5518.33,78.41,3.13,9.7,3.21,4.35,0.17,5,0,96.2,100,100,26.9,16.2,9.8,1.8,95,8.4,318
Canada,North America,High,2020,51563.2,5975.03,77.03,3.12,9.7,3.42,4.14,0.15,5.8,0,77.2,100,100,26.3,17,8.5,1.8,95,5.2,318
Canada,North America,High,2021,52719.3,6108.35,77.87,2.89,9.8,3.17,4.56,0.15,5.3,0,76.1,100,100,28.2,16.1,8.7,1.7,95,5,321
Canada,North America,High,2022,56299.11,5602.78,80.15,2.99,10.1,3.44,4.42,0.16,5.5,0,96.7,100,100,26.7,15.2,8.8,1.6,95,5,310
Canada,North America,High,2023,56485.36,6255.24,79.82,3.11,8.5,3.26,4.41,0.14,5,0,97.5,100,100,27.5,15.5,8.5,1.7,95,5,314
Canada,North America,High,2024,58795,5879.87,80.58,2.92,10.2,3.7,4.23,0.14,4.4,0,98.1,100,100,28,15.6,8.1,1.8,95,5,314
Mexico,North America,Upper-Middle,2010,13977.62,892.04,82.19,12.3,50.3,1.92,2.55,0.63,46.8,2.13,88.8,93.1,88.5,23.2,22.8,24.6,5.7,64.3,48,347
Mexico,North America,Upper-Middle,2011,14484.06,941.97,83.57,11.6,48.3,2.03,2.45,0.57,54.4,1.79,89.9,93.8,89.3,22.3,21.9,26.8,6.1,65.3,47.5,343
Mexico,North America,Upper-Middle,2012,15422.66,831.18,84.09,11.37,52.4,1.82,2.63,0.53,48.4,1.81,89.5,94.4,89.8,22.7,22.5,27.5,4.9,65.8,47.4,347
Mexico,North America,Upper-Middle,2013,17672.07,969.03,83.4,10.84,48.7,2.14,2.51,0.59,39.6,1.74,89.4,95.5,90.5,22.6,20.2,24.7,5.5,68.1,45.5,335
Mexico,North America,Upper-Middle,2014,17139.61,1063.41,83.75,12.19,53.1,1.88,2.58,0.53,43.6,1.77,90.3,94.9,90.1,22.3,20.9,25.1,4.8,68.2,45.5,337
Mexico,North America,Upper-Middle,2015,17824.69,1045.23,83.8,11.16,52.8,1.98,2.49,0.55,45.7,1.56,90.4,97.2,92.5,24,21.5,22.7,4.8,68.8,45.1,340
Mexico,North America,Upper-Middle,2016,18162.42,1070.21,86.13,12.02,43.3,2.21,2.44,0.52,42.9,2.03,93.9,96.8,91,23.9,21.8,23.2,5.6,71.9,44.8,338
Mexico,North America,Upper-Middle,2017,18358.79,1102.98,86.14,11.78,51,2.06,2.5,0.49,42.6,1.68,91.7,98.3,91.7,24.2,20.3,22.8,5.1,70.4,44.6,334
Mexico,North America,Upper-Middle,2018,19389.66,1078.63,86.15,10.38,46.6,2.24,2.66,0.52,40.4,1.44,90.8,97.7,92.7,24.3,20.4,20.1,5.1,70.7,44.1,330
Mexico,North America,Upper-Middle,2019,18593.91,1066.76,87.05,11.08,51.1,2.23,2.69,0.46,43.2,1.44,91.3,97.5,90.8,24.5,19.9,21,4.1,70.2,44.6,329
Mexico,North America,Upper-Middle,2020,20109.84,1108.51,87.26,11.03,42,2.06,2.78,0.49,36.8,1.36,74.2,98.9,94.9,24.1,19.5,22.1,4.6,58,43.5,328
Mexico,North America,Upper-Middle,2021,19131.42,1111.29,86.99,11.29,47.5,2.12,2.6,0.46,40.3,1.46,72.6,97.2,92.1,24.1,20.1,20.4,4.1,55.9,44.1,327
Mexico,North America,Upper-Middle,2022,19518.43,1221,88.03,10.65,47.2,2.16,2.6,0.51,40.6,0.97,92.9,99.3,93,25.4,20.8,20.6,4,72.7,43.4,333
Mexico,North America,Upper-Middle,2023,22068.54,1253.09,88.77,11.29,47.6,2.09,2.79,0.49,35.1,1.14,90.9,99.4,95.5,25,20.3,21.4,4.3,73.2,41.7,331
Mexico,North America,Upper-Middle,2024,20356.41,1258.22,88.78,11.14,44.8,2.25,2.77,0.44,30.4,1.37,93.8,98,96.2,24.9,19.6,22,4,74.5,42.8,329
Brazil,South America,Upper-Middle,2010,15665.47,841.61,71.59,12.75,49.4,2.07,2.84,0.55,40.6,2.08,90.6,93.8,89.5,21.4,22.3,23.8,6.6,67.1,47.2,352
Brazil,South America,Upper-Middle,2011,16989.22,867.19,71.68,12.81,48.4,1.98,2.56,0.51,44.7,1.73,89.7,95.7,87.2,23,21.4,24,6.1,67.1,46.3,357
Brazil,South America,Upper-Middle,2012,16170.34,968.05,73.05,11.86,47.4,1.9,2.46,0.64,48.2,1.49,89.2,95.2,89.6,23.1,21.2,24,5.8,66.3,46.4,354
Brazil,South America,Upper-Middle,2013,16420.22,834.77,72.78,11.42,49.8,2.33,2.63,0.54,46.1,1.94,90.9,95.7,91.8,22.1,21.5,22.6,5.7,67.7,46.8,349
Brazil,South America,Upper-Middle,2014,16028.3,965.21,73.19,12.66,52,1.92,2.6,0.52,37.8,1.69,90.4,97.8,90.6,22.2,20.6,25.1,6.2,67.6,46.5,351
Brazil,South America,Upper-Middle,2015,15882.09,902.29,74.94,12.17,45.6,2.12,2.26,0.53,42.2,1.92,90,96,89.6,23.5,20.2,22.9,4.9,66.8,46.9,348
Brazil,South America,Upper-Middle,2016,18276.26,1097.77,74.12,11.84,43.4,2.05,2.61,0.59,36.7,1.99,92,96.5,93.1,23.8,20.8,23.1,5.6,70.8,44.6,353
Brazil,South America,Upper-Middle,2017,19145.05,1030.79,73.92,11.6,45.3,2.1,2.79,0.5,39.2,1.58,92,94.5,91,23.9,21,22.3,4.4,71.3,44.4,352
Brazil,South America,Upper-Middle,2018,19176.33,1056.14,74.45,11.24,47.1,2.06,2.35,0.53,42.4,1.66,90.4,96.8,92.2,24.4,20.5,21.7,4.9,69.9,44.3,351
Brazil,South America,Upper-Middle,2019,19485.56,1223.27,76.04,12.15,47.7,2.3,2.71,0.48,41.8,1.6,91.2,96.9,93.1,24.6,20,22.9,5.4,71,43.4,350
Brazil,South America,Upper-Middle,2020,20070.64,1165.18,75.88,10.93,48.9,2.36,2.64,0.47,34.7,1.16,73.2,97.4,91.7,24.5,20.2,21,5.2,57.5,43.3,346
Brazil,South America,Upper-Middle,2021,20613.35,1251.9,75.37,12.17,43.7,2.28,2.7,0.49,32.4,1.15,74.4,97.2,94.3,23.7,19.9,20.3,4.7,58.9,42.6,342
Brazil,South America,Upper-Middle,2022,21192.84,1155.58,77.31,11.56,44.7,2.09,2.43,0.48,30.5,1.29,91.9,99.2,94,24.6,19.6,22.1,4.5,73.3,42.7,346
Brazil,South America,Upper-Middle,2023,21492.73,1119.4,77.87,11.73,42.9,2.2,2.7,0.46,34.9,1.47,93.3,97.6,95.6,26.1,19.2,22.8,4.9,74.3,42.6,351
Brazil,South America,Upper-Middle,2024,22547.93,1278.85,78.49,11.34,46,2.2,2.93,0.43,37.1,1.23,91.2,99.6,93,25.8,19.3,20.4,4.2,73.7,41.4,344
Argentina,South America,Upper-Middle,2010,15256.75,964.25,71.54,11.84,49.1,2,2.63,0.51,44.7,2.1,89,94.4,87.8,22.9,22.4,24.2,6,65.6,47,359
Argentina,South America,Upper-Middle,2011,15392.88,884.37,71.6,10.96,43.5,2.08,2.66,0.55,48.2,1.78,90.4,95.2,88.5,22.2,20.8,24.3,5.8,66.7,47.2,353
Argentina,South America,Upper-Middle,2012,15306.47,926.07,71,11.08,46,2.01,2.56,0.56,45.7,2.15,89.8,93.6,87.9,21.8,20.7,23.2,5.3,66.3,47.1,349
Argentina,South America,Upper-Middle,2013,15977.12,973.48,72.74,10.96,45.3,1.96,2.6,0.53,45.1,1.35,90.2,95.4,89.8,24.2,20.9,22.7,5.7,67.3,46.5,356
Argentina,South America,Upper-Middle,2014,15307.95,985.21,72.33,11.89,44.6,2.07,2.53,0.59,41.1,2.27,91.5,96,90.5,22.9,19.3,23.5,5.9,67.8,46.9,348
Argentina,South America,Upper-Middle,2015,17207.83,931.26,73.25,12.34,50.1,2.09,2.75,0.53,35.7,1.49,92.3,95.6,90.4,22.6,21.4,25.9,6.3,70,46,357
Argentina,South America,Upper-Middle,2016,17559.24,1062.52,72.82,12.11,42,2.14,2.49,0.51,37.7,1.51,90.6,95.7,92.1,22.3,20.2,25.1,5.1,69.1,45.2,350
Argentina,South America,Upper-Middle,2017,17498.49,1056.19,74.89,11.18,43.8,2.19,2.5,0.53,40.8,1.53,90.5,95.8,92.3,24.1,19.4,23.8,4.4,68.9,45.3,350
Argentina,South America,Upper-Middle,2018,18056.31,1095.95,74.08,10.36,43,2.19,2.64,0.45,32.1,1.4,91.9,94.3,91.7,23.1,20.4,22.3,5.2,71,44.8,347
Argentina,South America,Upper-Middle,2019,19184.55,981.19,75.54,11.05,46.4,2.61,2.4,0.54,36.9,1.55,91.6,97,92.1,23.9,18.5,23.6,4.8,71,44.6,345
Argentina,South America,Upper-Middle,2020,17973.61,1120.9,75.53,10.6,46.2,2.12,2.79,0.51,42.3,1.39,74.3,97.9,94.7,23.4,19.6,22.1,4.8,56.4,44.7,343
Argentina,South America,Upper-Middle,2021,20192.21,1196.84,75.16,11.02,49.7,2.33,2.82,0.47,33.4,1.56,74.6,99.6,93.1,24,18,21.6,5.1,58.8,43.1,340
Argentina,South America,Upper-Middle,2022,20070.68,1252.35,76.31,10.9,40.4,2.25,2.31,0.47,30.5,1.54,92.9,99,96.1,23.7,19.7,23.1,4.5,73.6,42.9,345
Argentina,South America,Upper-Middle,2023,22192.4,1151.16,76.38,10.23,42,2.14,2.89,0.46,35.1,1.14,90.7,99.2,92.7,24.5,17.7,24.2,4.8,73,42.1,345
Argentina,South America,Upper-Middle,2024,21563.42,1355.54,76.82,10.89,44,2.31,2.91,0.47,34,0.89,91.6,99.1,95.5,23.9,19.6,23.3,4.6,73.7,41.6,346
Chile,South America,High,2010,39057.75,4385.22,76.99,2.76,9,2.82,4.24,0.19,5.7,0,95.5,100,97.5,24.2,18.5,8.7,1.9,95,19,314
Chile,South America,High,2011,41592.27,4667.5,76.37,2.98,8.2,2.84,4.15,0.19,7.2,0,94.9,99.6,97.4,24.6,18,9.8,1.8,95,16.4,318
Chile,South America,High,2012,42875.34,4880.66,75.92,3.16,9.6,3.03,4.32,0.18,6.7,0,94.6,100,98.2,24.6,17.6,8.9,1.8,95,14.8,315
Chile,South America,High,2013,44292.05,4718.84,77.58,2.85,8.7,3.05,4.45,0.19,7,0,94.4,100,100,26.5,16.9,10.6,1.9,95,14.5,322
Chile,South America,High,2014,46038.81,5019.51,77.96,3.13,9.8,2.73,3.88,0.19,6.9,0,96.9,98.6,100,24.1,17.5,9.4,1.8,95,12.3,311
Chile,South America,High,2015,44013.07,5475.36,79.22,3.01,9.5,3.15,3.99,0.19,7.5,0,95.2,100,99.4,26.2,17.2,8.3,1.6,95,11.7,314
Chile,South America,High,2016,46531.79,5125.77,78.35,2.95,9.7,3.06,4,0.19,7.4,0,95.6,100,100,25.9,17.2,8.2,1.9,95,11.6,314
Chile,South America,High,2017,48575.89,5222.79,79.5,2.86,8.4,3.35,4.18,0.18,6.8,0,96.8,100,100,24.6,16.6,8.8,1.7,95,10,306
Chile,South America,High,2018,50765.71,5256.91,79.61,2.83,8.9,3.28,4.12,0.15,6,0,94.9,100,100,27.6,16.6,8.7,1.7,95,8.5,318
Chile,South America,High,2019,49633.91,5390.57,79.82,2.53,9.1,3.2,4.19,0.17,5.6,0,95.4,100,100,26.1,15.5,8.7,1.7,95,8.7,309
Chile,South America,High,2020,52109.7,6098.14,80.51,2.66,9.2,3.08,4.52,0.16,6.4,0,79.3,100,100,28.8,15.8,8,1.3,95,5,318
Chile,South America,High,2021,55510.07,5228.93,80.45,2.9,9.5,3.31,4.3,0.18,5.4,0,77.5,100,100,27.6,16.5,8.1,1.7,95,5.8,315
Chile,South America,High,2022,58973.67,6296.15,83.02,2.5,8.9,3.15,4.43,0.16,6,0,98,100,100,26.8,16.3,9,1.5,95,5,310
Chile,South America,High,2023,54829.85,5415.65,81.79,3.08,8.3,3.33,4.51,0.15,5.6,0,97.5,100,100,28.6,15.4,8.9,1.5,95,5.4,316
Chile,South America,High,2024,55103.17,6386.56,81.8,2.84,9.3,3.43,4.54,0.16,5.4,0,97,100,100,27.8,15.4,8,1.5,95,5,311
Peru,South America,Upper-Middle,2010,15022.52,768.1,72.23,10.98,54.9,2,2.46,0.59,43,2.38,87.8,95.2,88.4,21.2,21.3,27.7,5.7,64.3,47.9,356
Peru,South America,Upper-Middle,2011,14559.04,971.03,72.36,11.36,50.2,1.95,2.64,0.64,44.9,2.01,91.8,94.4,87.3,22.6,23.1,23.4,5.9,67.4,47.4,358
Peru,South America,Upper-Middle,2012,16231.07,932.97,72.02,12.78,57.1,2.09,2.4,0.55,43.1,2.15,90.8,94.7,88.4,21.7,22.1,26,5.3,67.6,46.5,357
Peru,South America,Upper-Middle,2013,17649.69,996.17,73.9,10.94,44.1,2.08,2.59,0.64,43.6,1.72,89.6,96.3,88.5,23.8,21.1,26.7,6,68.1,45.4,361
Peru,South America,Upper-Middle,2014,16684.92,959.15,73.3,12.13,48.8,2.05,2.52,0.58,33.5,1.84,89.8,94.4,88.3,21.7,20.2,23.1,6.4,67.8,46.2,344
Peru,South America,Upper-Middle,2015,16796.43,1027.85,74.2,11.85,47.9,2,2.73,0.62,34.2,1.41,90.6,95,91.2,22.6,22.2,25.6,5.6,68.7,45.8,357
Peru,South America,Upper-Middle,2016,18608.88,1113.27,74.07,11.11,48.2,2.25,2.58,0.52,36.1,1.59,91,98.2,89.7,23.7,21.6,26.9,5.3,70.5,44.4,362
Peru,South America,Upper-Middle,2017,18595.97,1107.61,74.97,11.54,49.1,1.9,2.66,0.55,37,2.02,90.6,96.2,93.9,23,20.1,23.2,5.6,70,44.4,346
Peru,South America,Upper-Middle,2018,18793.26,1012.84,74.99,11.12,47.1,2.24,2.64,0.49,39.9,1.54,92.7,97.4,93.4,24.1,21,23.9,5.1,71.6,44.7,355
Peru,South America,Upper-Middle,2019,21214.49,1185.01,76.1,10.59,42.8,2.24,2.62,0.52,36.3,1.76,92.3,96.3,92.6,23.4,19.8,22.3,4.9,73.5,42.5,344
Peru,South America,Upper-Middle,2020,17854.48,1143.18,75.12,9.49,54,2.35,2.56,0.52,31.7,1.71,75.2,97.9,94.4,24.4,19,22.1,5,57.8,44.7,346
Peru,South America,Upper-Middle,2021,19643.18,1163.53,75.85,11.39,47.1,2.13,2.53,0.48,36.8,0.89,74.8,99.5,93.5,22.6,19.3,22.3,4.5,58.3,43.6,339
Peru,South America,Upper-Middle,2022,20020.61,1316.72,77.51,10.63,41,2.24,2.61,0.52,31.8,1.34,93.9,99.3,94.3,24.5,19.1,23.7,4.5,74.5,42.7,347
Peru,South America,Upper-Middle,2023,21047.48,1236.79,77.26,10.26,46.8,2.29,2.72,0.48,35.5,1.03,93.9,97.2,95.4,25.3,18.7,22.4,5,74.9,42.4,346
Peru,South America,Upper-Middle,2024,19072.46,1298.01,76.51,10.46,50.7,2.25,2.51,0.48,36.6,0.82,91.5,100,97.5,25,18.2,24.4,4.9,71.7,43.4,349
Colombia,South America,Upper-Middle,2010,16883.67,784.62,74.8,12.51,50,2.06,2.39,0.62,40.8,1.33,91.1,94.9,88.1,22.1,22.9,24.9,6.3,68.2,46.7,355
Colombia,South America,Upper-Middle,2011,15220.19,980.56,75.46,12.12,44.9,2.12,2.46,0.59,39.8,1.62,92.1,95.6,90.6,21.4,22,22.5,5.5,68.4,46.9,343
Colombia,South America,Upper-Middle,2012,15170.09,1005.62,75.48,12.67,51.1,2.36,2.39,0.64,45.5,1.59,91.3,95.1,88.8,21.9,21.3,27.1,5.7,67.3,46.9,352
Colombia,South America,Upper-Middle,2013,16989.39,917.3,75.7,12.6,44.1,2.09,2.6,0.59,40.2,1.91,91.2,95.8,88.5,22.5,22.3,25.1,5.1,68.6,46.1,353
Colombia,South America,Upper-Middle,2014,17095.24,872.49,76.64,13.1,45.2,2.06,2.7,0.54,37.8,1.9,90.1,95.3,90.9,23.2,21.5,23.1,5.6,67.8,46.3,348
Colombia,South America,Upper-Middle,2015,17143.28,1044.94,76.77,11.56,44.8,2.17,2.51,0.54,39.8,1.74,91.6,95.5,91.1,23.5,21.4,22.2,5.4,69.5,45.5,347
Colombia,South America,Upper-Middle,2016,18022.26,1044.45,76.26,11.73,55.2,2.15,2.53,0.57,39,1.91,89.9,97,91.8,23.2,21.1,24.5,5.5,68.8,45,351
Colombia,South America,Upper-Middle,2017,17112.71,1123.7,77.93,11.59,47.7,2.2,2.8,0.55,33.8,1.47,91.4,97.8,92.4,22.9,22.2,23.2,5.6,69.8,45.2,348
Colombia,South America,Upper-Middle,2018,18458.91,1133.14,78.92,12.31,50.7,2.33,2.61,0.53,37.2,1.71,91.2,98,93.8,23.1,19.9,22.4,5.1,70.3,44.4,339
Colombia,South America,Upper-Middle,2019,18550.35,1216.27,79.12,11.43,42.2,2.1,2.7,0.48,38.2,1.41,94.6,99.6,92.6,23.9,20.8,24.6,4.3,73.4,44,349
Colombia,South America,Upper-Middle,2020,17348.48,1109,78.92,11.79,50.6,2.14,2.37,0.55,32.2,0.97,73.9,98.5,93.1,23.9,19.9,21.6,4.3,56,45.2,340
Colombia,South America,Upper-Middle,2021,19381.75,1215.88,79.21,11.49,43.5,2.27,2.4,0.52,37.4,1.03,73.5,98.5,95.2,24.1,19.3,19.3,4.7,57.2,43.5,334
Colombia,South America,Upper-Middle,2022,22648.23,1226.07,80.2,11.4,46,2.22,2.82,0.51,32.7,1.08,93.4,99.2,93.7,25.4,19.2,20.6,4.3,75.6,41.5,340
Colombia,South America,Upper-Middle,2023,19140.38,1267.88,79.57,10.29,39,2.32,2.7,0.49,29.1,0.99,92.8,98.3,95.2,24.2,19.4,23,4.6,73.1,43.4,342
Colombia,South America,Upper-Middle,2024,21007.69,1279.44,80.97,11.05,44.4,2.33,2.76,0.47,28.3,0.91,91,98.1,95.6,24.4,19.4,21.2,3.7,72.9,42.3,337
Nigeria,Africa,Lower-Middle,2010,6351.52,227.71,66.81,26.49,158.4,0.89,1.51,1.1,107.4,25.71,84.7,86.1,70.3,14.6,19.8,33.8,11.6,47.2,55.3,345
Nigeria,Africa,Lower-Middle,2011,6482.48,231.72,67.91,25.81,163.9,0.89,1.55,0.96,113.8,31.35,86.3,84.4,70.1,15.1,19,35.9,11.4,48,55.2,348
Nigeria,Africa,Lower-Middle,2012,6297.87,252.95,66.89,24.43,149.1,0.9,1.51,1.03,131.7,28.89,86.2,84.5,71,14.9,18.7,32.8,12.7,47.3,55.2,341
Nigeria,Africa,Lower-Middle,2013,6850.66,271.4,66.86,24,153.7,0.94,1.43,0.96,113.4,29.6,83.6,85.9,71.4,15.9,19.8,35.2,10.8,46.6,54.8,353
Nigeria,Africa,Lower-Middle,2014,6078.91,268.51,68.8,26.16,157.1,0.96,1.61,0.96,110.4,33.13,84.9,87.8,71.4,16.3,18.4,34.8,10.7,46.6,55.3,347
Nigeria,Africa,Lower-Middle,2015,6411.73,286.2,69.23,22.77,133.1,0.94,1.58,1,117.4,25.36,87.4,86.9,71.8,15,18.9,32.6,11.7,49.7,55,338
Nigeria,Africa,Lower-Middle,2016,7243.72,269.48,69.14,24.8,163.6,1,1.66,0.96,110.1,29.32,84.9,86.7,71.8,16.1,19.5,31.8,9,47.9,54.6,343
Nigeria,Africa,Lower-Middle,2017,7110.36,313.81,69.78,24.3,144,0.9,1.65,0.9,122.6,25.83,85.7,86.8,72.9,16,19.2,33,10,48.3,54.5,343
Nigeria,Africa,Lower-Middle,2018,8143.24,305.9,70.34,22.68,149.7,0.99,1.46,1.02,112.5,21.53,85.4,88,73.4,16.4,18.5,33.2,11.3,49.9,53.9,342
Nigeria,Africa,Lower-Middle,2019,7836.45,292.82,71.12,25.69,177.1,0.93,1.64,0.82,104,20.18,88.2,87.4,72.3,16.2,17.1,33.4,8.6,52,54.1,336
Nigeria,Africa,Lower-Middle,2020,7630.84,280.11,69.83,25.8,149.4,0.95,1.63,0.9,100.8,16.77,70.1,86,73.6,16.3,18.4,31.6,8.8,37.7,54.3,339
Nigeria,Africa,Lower-Middle,2021,7644.03,331.4,70.39,22.53,139.9,1.04,1.6,0.88,111.2,15.88,68.6,89.4,74,16.6,17.4,30.7,10.6,36.7,54.1,334
Nigeria,Africa,Lower-Middle,2022,8549.67,352.33,70.71,21.35,114.1,0.97,1.72,0.89,90.7,19.23,86.4,89.3,75.7,16,17.8,32.6,9.1,52.6,53.5,337
Nigeria,Africa,Lower-Middle,2023,8694.29,400.34,71.92,23.33,134.2,1.03,1.69,0.86,82.6,18.96,88.5,89.8,76.3,16.9,17.8,31,8.5,54.5,53.2,335
Nigeria,Africa,Lower-Middle,2024,8716.65,329.17,72.02,22.89,143.5,0.97,1.75,0.86,82.6,13.46,87.3,89.4,76,17,16.2,29.5,8.7,53.9,53.5,327
Egypt,Africa,Lower-Middle,2010,5823.03,243.06,75.92,23.84,137.2,0.96,1.71,0.99,118.8,28.95,86.2,84.8,70.2,15.6,19.2,37.9,10.6,47.7,55.5,342
Egypt,Africa,Lower-Middle,2011,6683.56,246.85,76.15,23.09,139.6,0.86,1.59,0.98,122.9,30.31,85.4,84.4,69.7,16,19,37.7,11.4,47.5,55,342
Egypt,Africa,Lower-Middle,2012,6360.73,276.7,77.48,25.72,139.4,0.91,1.68,1.01,111.8,31.14,86.7,86,71.1,14.7,17.7,34.7,11.3,48.5,55.1,325
Egypt,Africa,Lower-Middle,2013,6371.67,271.41,77.1,27.49,143.2,0.89,1.74,0.94,114,25.61,85,86.1,71.3,15.7,18.9,29.9,10.8,47.1,55.1,324
Egypt,Africa,Lower-Middle,2014,6986.72,270.09,77.41,27.11,134.4,0.86,1.65,0.92,98.7,25.99,86.1,86.4,71.9,16.5,18.6,33.8,10.5,49.2,54.7,333
Egypt,Africa,Lower-Middle,2015,6608.01,272.59,77.69,25.99,163.7,0.91,1.64,0.92,107.9,26.81,87,84.6,70,15.6,19.2,29.8,8.4,49.3,54.9,323
Egypt,Africa,Lower-Middle,2016,7282.2,294.24,77.74,23.8,130.2,0.95,1.63,0.93,78.8,21.69,85.1,86.8,72.1,16.3,17.4,32.6,10.8,50.5,54.5,326
Egypt,Africa,Lower-Middle,2017,7933.96,288.9,79.01,22.42,115.5,1,1.69,0.95,88.8,25.86,87.8,87.7,73.2,16.1,17.4,34.8,9.7,52.5,54.1,328
Egypt,Africa,Lower-Middle,2018,7627.67,276.4,78.53,27.15,134.5,1.04,1.69,0.8,104.3,21.05,87,87.7,72,16.3,19.2,32.8,9.9,50.5,54.3,331
Egypt,Africa,Lower-Middle,2019,8029.71,316.45,79.78,23.22,139.2,1.03,1.64,0.92,94.3,19.24,87.4,87.8,74.5,16.3,17.8,32.4,9.9,52.4,53.9,324
Egypt,Africa,Lower-Middle,2020,6859.7,298.47,79.93,24.75,132.5,0.92,1.62,0.76,91.8,19.38,69,88.3,74.5,17.6,16.8,33.3,10.1,36.8,54.7,328
Egypt,Africa,Lower-Middle,2021,7726.8,331.49,79.52,25.07,151.1,1.02,1.77,0.82,79.5,19.75,70.7,87.4,73.7,16.8,16.9,29.3,8.9,39.3,54,317
Egypt,Africa,Lower-Middle,2022,7658.73,315.42,81.34,22.48,119.3,0.97,1.79,0.81,84.5,19.62,85.5,89.5,75.4,16.6,17.7,28.4,9.6,51.2,54.1,315
Egypt,Africa,Lower-Middle,2023,8464.89,335.58,81.32,24.09,144.8,0.96,1.67,0.84,81.3,21.1,88.7,89.1,76.1,16.4,17.4,30.4,9,54.2,53.6,317
Egypt,Africa,Lower-Middle,2024,8303.05,315.12,82.06,21.11,129.5,1.07,1.76,0.86,89.8,15.96,87.4,89.7,74.4,16.7,16.5,26.1,8.5,53.4,53.8,305
South Africa,Africa,Upper-Middle,2010,15167.45,789.8,76.19,11.01,50.2,2.08,2.62,0.52,51.9,2.13,89.3,94.1,88.2,22.2,22.3,24.1,5.9,65.2,47.7,350
South Africa,Africa,Upper-Middle,2011,14919.85,830.86,77.05,12.12,51.2,2.09,2.59,0.57,46.7,1.58,89.4,93.5,89.7,23.6,22.3,26.4,5.6,65.3,47.7,358
South Africa,Africa,Upper-Middle,2012,16177.13,928.97,77.92,11.56,47.8,2.08,2.67,0.55,42.6,1.62,88.1,94.9,89.7,23.3,20.5,24,5,65.7,46.6,346
South Africa,Africa,Upper-Middle,2013,17469.73,900.25,78.62,12.23,45.7,1.93,2.62,0.54,42.3,1.73,88.9,93,89.8,23,21.2,25.3,6.2,67.1,45.9,348
South Africa,Africa,Upper-Middle,2014,16571.06,969.77,78.62,10.56,49.3,2.12,2.67,0.5,38.6,1.56,90.8,96,91.7,23.2,21,25.7,5.7,68.6,46.2,349
South Africa,Africa,Upper-Middle,2015,18343.35,1034.62,78.07,10.51,43,2.15,2.75,0.6,42.9,2.04,90.4,94.8,91.6,24.1,21.1,24.3,5.6,69.3,44.9,351
South Africa,Africa,Upper-Middle,2016,18836.18,1125.12,79.54,11.93,49.6,2.06,2.71,0.5,42.6,1.38,91.3,95.4,91.8,24,19.9,24.1,5.2,70.5,44.2,344
South Africa,Africa,Upper-Middle,2017,18949.64,1071.09,79.9,10.63,45.7,2.08,2.74,0.57,35.9,1.88,89.3,95.5,90.6,23.2,19.7,23.8,5.2,69.3,44.3,340
South Africa,Africa,Upper-Middle,2018,18952.85,1143.49,80.28,11.65,47.1,2.02,2.78,0.5,34.7,1.52,90.6,96.6,92.6,24.7,19.9,22.3,5.5,70.4,44.1,343
South Africa,Africa,Upper-Middle,2019,19522.82,1265.07,81.27,11.9,42.4,2.25,2.64,0.49,37,1.71,92.1,96.5,93.6,24.2,20.3,22.3,4.9,72.1,43.2,341
South Africa,Africa,Upper-Middle,2020,19779.85,1080.1,81.43,9.96,45.2,2.22,2.74,0.5,35.5,1.53,73.6,99.1,94.2,25.5,19.4,22.4,4.8,57.5,43.8,343
South Africa,Africa,Upper-Middle,2021,19089.37,1204.48,80.39,11.55,43.4,2.39,2.55,0.5,37,1.26,74.6,96.9,95.4,25.1,19.4,21.9,5.1,57.8,43.7,342
South Africa,Africa,Upper-Middle,2022,19949.47,1151.78,81.78,10.15,52,2.16,2.8,0.49,31.2,1.32,92.9,98.3,95.7,26.1,20.1,21.4,4.3,73.4,43.4,345
South Africa,Africa,Upper-Middle,2023,20355.73,1247.52,82.69,9.44,45.8,2.26,2.66,0.5,34.1,1.51,92.1,99.8,96.7,26.6,18.7,21.4,4.4,73.2,42.8,341
South Africa,Africa,Upper-Middle,2024,21974.73,1311.89,82.31,10.82,39.1,2.43,2.64,0.47,31.3,1.41,89.9,99.2,95.3,25.4,20.1,20.4,4.7,72.6,41.6,339
Kenya,Africa,Lower-Middle,2010,6038.59,241.68,68.5,26.43,162.4,0.85,1.54,0.93,116.7,28.28,85.5,85,70.5,15,21.9,33.4,11,47.1,55.4,350
Kenya,Africa,Lower-Middle,2011,6256.04,240.35,68.97,24.88,139.2,0.9,1.6,0.99,110.5,35.58,84.4,85.4,71,14.1,20.7,31.5,12.2,46.3,55.3,338
Kenya,Africa,Lower-Middle,2012,6053.88,270.81,69.17,26.46,146.6,0.92,1.51,1.06,107.7,23.28,85.9,85,70,14.4,19.9,33.1,11.5,48.3,55.3,340
Kenya,Africa,Lower-Middle,2013,6851.08,275.96,68.81,24.71,148.3,1,1.57,0.95,102.8,20.89,86.1,86.5,71.8,15.1,20.8,32,11.8,49.7,54.8,344
Kenya,Africa,Lower-Middle,2014,6706.98,264.96,69.7,25.47,145.8,0.95,1.57,1.07,119.6,28.57,85.8,87.2,72.1,15.3,19.6,32.5,8.4,47.8,54.9,341
Kenya,Africa,Lower-Middle,2015,6972.66,274.22,70.72,24.74,129.6,0.95,1.5,0.96,109.3,28.45,85.2,86.7,70.9,15.8,19.9,33.2,10.6,48.1,54.7,343
Kenya,Africa,Lower-Middle,2016,7226.83,317.92,70.01,24.76,129.8,0.92,1.59,0.97,102.3,23.12,85.7,86.6,72.8,14.9,20.2,30.6,10.8,49.6,54.4,336
Kenya,Africa,Lower-Middle,2017,6798.99,309.44,71.01,24.97,129.9,0.98,1.5,0.9,110.4,25.83,86.2,86.5,73.5,15.8,17.9,33,10.1,49,54.7,336
Kenya,Africa,Lower-Middle,2018,7887.31,284.96,69.12,24.66,141.5,0.9,1.52,1.02,97.2,24.6,85.8,85.9,73.2,15.8,18.8,31,10,50.2,54.1,338
Kenya,Africa,Lower-Middle,2019,7562.81,288.8,71.74,21.29,118,1.03,1.65,0.88,86.4,19.01,86.3,86.7,73.1,16.4,19.6,30.1,10.1,51.9,54.3,337
Kenya,Africa,Lower-Middle,2020,6890.74,332.66,70.68,24.65,136,1.07,1.55,0.89,92.7,19.89,69.6,87.7,74.2,16.2,18.7,30.7,9.9,37.2,54.5,336
Kenya,Africa,Lower-Middle,2021,8411.25,306.86,72.11,22.35,143.1,1.04,1.47,0.85,89,17.26,70.8,88.2,73.9,16.4,18.8,29.9,9.9,40,53.7,334
Kenya,Africa,Lower-Middle,2022,8438.23,291.22,72.39,22.86,139.6,0.88,1.84,0.86,91.1,21.86,89.1,89.9,75.9,16.6,18.1,29,8.4,54,53.8,330
Kenya,Africa,Lower-Middle,2023,8111.45,314.75,73.08,21.13,136,1.02,1.65,0.8,109.2,21.28,86.1,89.6,74.9,16.2,17.3,30.2,8.2,50.9,53.9,327
Kenya,Africa,Lower-Middle,2024,8995.2,370.87,74.37,22.16,137.7,1.07,1.61,0.77,96.2,17.34,87.9,89,74.8,16.5,17.7,27.3,8.4,53.9,53.1,322
Ethiopia,Africa,Low,2010,1814.22,67.89,66.27,47.15,344.1,0.31,0.83,1.86,221.7,95.66,79.1,65.3,39.8,8.8,18.3,42.1,19.4,24.9,58.6,335
Ethiopia,Africa,Low,2011,1955.65,65.79,67.45,47.02,340,0.3,0.78,1.79,228.7,67.32,78.6,65.1,40.3,8.8,18.9,48,18.2,26.5,58.6,347
Ethiopia,Africa,Low,2012,1780.68,76.2,67.18,44.41,379.9,0.31,0.83,1.69,184.6,80.09,79.1,65.5,40.7,9,17.2,44.4,19.2,28.4,58.6,336
Ethiopia,Africa,Low,2013,1897.68,79.12,66.74,46.43,340,0.32,0.85,1.63,186.9,54.84,77.3,64.9,41.4,9.2,17.8,38.4,16.8,28.6,58.5,327
Ethiopia,Africa,Low,2014,2105.42,83.92,67.59,44.71,384.5,0.3,0.8,1.63,236.9,52.83,79.2,66,41.2,9.1,17.4,45.7,21.9,28.2,58.4,338
Ethiopia,Africa,Low,2015,2153.63,80.44,67.81,41.8,299.8,0.3,0.83,1.49,210.8,79.86,78.2,66.2,42,9.5,17.2,42.7,17.7,27,58.4,334
Ethiopia,Africa,Low,2016,2069.65,76.01,69.68,43.1,350.3,0.31,0.77,1.55,165.7,96.21,78,65.9,41.2,9.8,17.1,39.7,18.7,27.5,58.5,325
Ethiopia,Africa,Low,2017,2257.61,92.13,69.26,48.53,390.5,0.3,0.87,1.57,193.1,51.49,79,66.3,42.1,9.8,15.8,42.4,18.1,29.9,58.3,328
Ethiopia,Africa,Low,2018,2211.17,95.5,69.43,43.03,330.2,0.3,0.77,1.57,181.5,64.93,78.9,66.9,42.4,9.5,16,43.9,16.2,30.1,58.3,330
Ethiopia,Africa,Low,2019,2289.59,102.79,69.59,42.62,306.9,0.32,0.84,1.37,179.7,64.57,79.4,68,42.3,10.1,16,41.9,16.1,30.8,58.2,328
Ethiopia,Africa,Low,2020,2163.78,101.51,70.74,42.03,347.8,0.32,0.79,1.33,162.7,48.19,65,67.5,42.2,10,15.8,39.2,15.7,21.5,58.3,320
Ethiopia,Africa,Low,2021,2536.07,101.21,69.88,42,343.2,0.33,0.78,1.44,153.6,58.92,63.8,69.6,42.6,9.5,16.1,41.9,17,20.3,58.1,325
Ethiopia,Africa,Low,2022,2393.32,90.96,71.25,37.68,318.2,0.32,0.82,1.46,154.7,53.23,79.9,68.2,42.9,10.1,16.4,41.1,15.3,34.1,58.2,325
Ethiopia,Africa,Low,2023,2320.64,103.06,71.43,42.6,310.3,0.32,0.81,1.42,172.4,49.58,80.8,68.5,43.1,10,16.2,40.5,16.7,33.5,58.2,322
Ethiopia,Africa,Low,2024,2464.32,108.26,71.21,38.43,323.8,0.34,0.96,1.35,140.9,52.16,78.5,68.6,43.4,10.4,16.1,38.1,13.8,33.8,58.1,319
Ghana,Africa,Lower-Middle,2010,5413.49,239.58,71.21,24.38,169.9,0.85,1.62,0.98,118,22.7,84.6,85.9,69.7,14.5,20.6,34.4,11.3,46.6,55.8,342
Ghana,Africa,Lower-Middle,2011,6226.18,264.18,72.93,26.92,162.9,0.86,1.55,0.94,122.5,25.56,85,85.7,70.7,15.3,20,33.7,11,46.7,55.2,339
Ghana,Africa,Lower-Middle,2012,5978.73,287.84,71.93,25.15,140,1.03,1.55,0.91,123.1,32.25,86.2,87.2,71.3,14.7,19.5,35.1,12.8,47.2,55.3,340
Ghana,Africa,Lower-Middle,2013,6082.92,286.8,72.45,26.62,147.8,0.87,1.71,0.94,125.8,28.63,85,84.7,72,15.5,18.9,33,10.6,46.3,55.2,336
Ghana,Africa,Lower-Middle,2014,6221.72,261.51,72.08,24.57,140.3,0.84,1.82,0.95,107.2,28.93,86,87.4,71,16,18.9,31,11.3,48.3,55.2,335
Ghana,Africa,Lower-Middle,2015,7345.31,326.37,72.46,26.1,142.8,0.96,1.54,0.82,105,27.21,85.3,87.3,73,15.9,20,34.2,9.6,48.7,54.3,343
Ghana,Africa,Lower-Middle,2016,7562.64,279.47,74.15,27.25,150.8,0.86,1.59,0.92,108,26.3,86.7,87.6,72.8,15.7,18.7,34.7,10.6,49.6,54.3,337
Ghana,Africa,Lower-Middle,2017,7166.6,316.82,73.95,23.48,137.5,0.89,1.66,0.9,100.2,25.8,85.6,87.2,71.6,15.8,18.6,33.7,10.2,49.6,54.4,336
Ghana,Africa,Lower-Middle,2018,6994.2,324.84,74.57,24.89,144.3,0.93,1.7,0.85,90.1,22.23,86.1,87.9,74.4,15.7,18.2,31.3,9.2,50.4,54.5,328
Ghana,Africa,Lower-Middle,2019,7487.72,326.95,74.23,25.07,126.4,0.93,1.67,0.89,100.1,15.6,84.8,88.1,74.3,16.4,18.4,34.2,9.2,49.7,54.2,338
Ghana,Africa,Lower-Middle,2020,7960.96,288.67,74.04,21.88,141.3,0.97,1.71,0.81,92.5,21.75,68.7,89.6,73.9,16.2,18.9,29.3,8.6,37.4,54.1,329
Ghana,Africa,Lower-Middle,2021,7599.32,326.17,75.26,25.48,168.9,0.87,1.76,0.77,92.9,19.49,69.2,90.2,75.4,16.6,18.6,28.4,8.2,37.3,54.1,326
Ghana,Africa,Lower-Middle,2022,7324.86,320.94,76.22,24.14,142.2,0.92,1.79,0.78,100.7,14.74,87.3,88,74.7,17,17.7,29.3,8.8,51.8,54.3,325
Ghana,Africa,Lower-Middle,2023,7756.76,366.14,76.42,25.45,134.7,0.97,1.66,0.79,87.4,21.59,86.9,87.7,74.9,16.3,17.5,28.4,9.1,51.7,53.9,320
Ghana,Africa,Lower-Middle,2024,8540.93,346.27,77.36,25.07,138.8,0.96,1.58,0.72,85.8,19.09,87.1,90.4,75.3,17,17.9,30.8,8.3,52.8,53.5,327
Morocco,Africa,Lower-Middle,2010,5916.75,229.77,66.9,25.28,154,0.94,1.49,0.86,118.8,32.42,85.2,84.7,70.1,15.4,19.9,34.7,11.8,46.4,55.5,351
Morocco,Africa,Lower-Middle,2011,6127.52,277.3,67.33,25.16,141.3,0.95,1.71,0.96,117.4,30.32,83.1,86,70.5,15.1,19.1,34.3,11.6,45.3,55.2,345
Morocco,Africa,Lower-Middle,2012,6684.88,254.09,69.11,25.69,132.4,0.91,1.51,0.82,128.9,32.34,85.8,85.8,69.7,14.8,19.8,32.6,9.6,46.9,55,340
Morocco,Africa,Lower-Middle,2013,6465.74,265.22,68.36,25.98,150.9,0.93,1.66,0.84,116.4,31.02,84.5,84.7,70.6,14.9,19.5,33.2,10.8,46.4,55.1,342
Morocco,Africa,Lower-Middle,2014,6514.49,293.46,68.71,24.47,142.5,0.99,1.52,0.95,111.3,26.79,87.8,85.4,71.4,14.8,19.4,37.5,12.5,50,54.9,349
Morocco,Africa,Lower-Middle,2015,7322.26,279.15,68.9,22.12,163,0.96,1.55,0.94,98.7,28.17,85.7,87.3,72,14.8,18.7,35.9,11,49.7,54.5,344
Morocco,Africa,Lower-Middle,2016,7354.39,271.81,69.53,23.52,149.2,0.95,1.65,0.91,110.4,26.71,85.2,87,72.1,15.5,18.3,31.4,9.3,48.6,54.5,335
Morocco,Africa,Lower-Middle,2017,7017.46,300.95,69.15,24.31,159.6,1.01,1.73,0.87,111.8,22.07,85.6,85,74,16.5,18,32.5,10,49,54.6,341
Morocco,Africa,Lower-Middle,2018,7582.35,325.59,69.34,24.73,137.3,0.97,1.65,0.83,99,23.09,87.2,88.1,73.6,15.3,17.9,34.5,10.3,51.2,54.1,340
Morocco,Africa,Lower-Middle,2019,7871.28,345.62,71.43,24.12,134.1,0.85,1.6,0.81,100.5,22.43,86.3,86.5,72.9,16.3,18.8,32.2,10.3,50.8,53.9,339
Morocco,Africa,Lower-Middle,2020,7982.89,304.43,70.74,23.02,148.1,0.99,1.65,0.77,100.4,28.95,69,88.1,74.4,16.6,17.4,26.6,10.7,36.6,54,326
Morocco,Africa,Lower-Middle,2021,8345.72,293.25,70.58,26.19,152.8,1.04,1.62,0.79,91.7,24.74,69.3,88,75.5,16.4,18.2,30.4,9.5,37.3,53.8,335
Morocco,Africa,Lower-Middle,2022,7840.89,335.15,71.18,22.85,122.7,1.04,1.7,0.71,99.9,27.84,87.1,88.5,77.6,15.9,17.3,31.6,10.2,51.2,54,332
Morocco,Africa,Lower-Middle,2023,8551.09,332.25,71.91,22.91,125.9,1.01,1.6,0.7,96.7,17.91,86.1,89.3,75.5,15.8,17.3,29,10.2,51.8,53.5,325
Morocco,Africa,Lower-Middle,2024,8804.78,341.6,72.46,23.09,140.3,1.02,1.64,0.75,81.3,17.51,85.6,90.6,76.2,16.5,17.9,30.7,8.2,52.4,53.4,332
China,Asia,Upper-Middle,2010,14960.62,874.33,76.51,12.87,48.8,1.93,2.5,0.65,50.6,1.73,90.1,94.3,87,21.6,21.7,22.3,6.1,65.7,47.5,341
China,Asia,Upper-Middle,2011,15153.46,920.03,76.92,11.35,49,1.88,2.72,0.58,43.9,1.56,90.7,94.1,88,22.4,22.5,25.5,5.5,67,47.2,353
China,Asia,Upper-Middle,2012,14783.17,942.02,77.19,12.43,48.6,2.05,2.35,0.67,43.1,1.98,89.6,95,87.7,22.3,22.1,24.5,6,65.7,47.4,349
China,Asia,Upper-Middle,2013,15342.4,923.45,78.1,13.41,48.1,2.11,2.56,0.66,36.8,1.76,89.1,92.7,89.9,22.4,21.9,24,6.8,65.8,47.1,346
China,Asia,Upper-Middle,2014,16583.13,1020.3,77.89,12.05,47.4,2.02,2.82,0.63,42.3,1.1,90.4,98.1,89.9,23.2,22.8,24.3,5.2,68,46,353
China,Asia,Upper-Middle,2015,15149.54,1058.75,78.24,11.89,43.7,2.06,2.6,0.59,37.3,1.9,90.4,94.3,90.5,22.7,21.7,25.6,5.3,67.2,46.7,350
China,Asia,Upper-Middle,2016,17594.14,974.9,79.67,11.83,46.2,1.91,2.8,0.54,38.2,1.64,90,94.8,88.8,23.4,21.1,27.6,4.9,68.4,45.5,352
China,Asia,Upper-Middle,2017,17313.78,1034.67,79.78,11.3,49.4,2.02,2.44,0.51,32.2,1.38,91,96,93.1,24,21,20.7,4.9,69.6,45.5,341
China,Asia,Upper-Middle,2018,18042.17,1054.71,79.66,11.1,45.8,2.08,2.66,0.57,35.5,1.71,90.5,95.4,92.6,22.8,21.2,19.6,5.5,69.6,45,334
China,Asia,Upper-Middle,2019,19690.36,1023.72,79.64,12.63,44.3,2.08,2.35,0.54,36.7,1.52,90.3,95.9,93.3,24.3,19.8,24.2,4.9,70.2,44.1,345
China,Asia,Upper-Middle,2020,20089.94,1147.15,78.72,11.42,50.4,2.09,2.61,0.53,28,1.64,73.1,98.3,93.2,24.7,20.8,22.1,4.5,57.6,43.4,347
China,Asia,Upper-Middle,2021,20901.84,1046.47,81.07,10.7,50.7,2.22,2.76,0.53,30.6,1.09,74.5,98.3,95.1,24.3,19.7,21.1,4.7,59.1,43.3,337
China,Asia,Upper-Middle,2022,18172.32,1327.09,82.14,12.09,40.8,2.37,2.98,0.49,36.8,1.19,90.7,99,95.3,23.8,20.8,19.7,4.1,70.2,43.8,334
China,Asia,Upper-Middle,2023,21143.43,1234.88,81.9,11.74,47.2,2.34,2.68,0.53,32.6,1.48,91.6,100,94.9,23.4,20.7,21.9,4.7,73,42.4,337
China,Asia,Upper-Middle,2024,22762.59,1285.55,82.42,11.77,45.2,2.34,2.42,0.51,31.2,1.34,93.1,99.5,95.9,23.9,20.6,24,4.4,75.5,41.2,342
India,Asia,Lower-Middle,2010,5810.72,231.15,66.88,24.65,157.1,0.88,1.49,1.05,114.8,29.35,85.4,85.2,70.9,14.9,19.3,39.1,12.5,47,55.6,356
India,Asia,Lower-Middle,2011,6134.47,267.1,67.78,25.42,173.2,0.89,1.6,0.98,130.9,22.22,83.5,84.8,69,14.7,20,32.4,10.9,45.5,55.3,342
India,Asia,Lower-Middle,2012,6382.05,273.46,67.03,25.89,155,0.95,1.74,1.07,114.8,28.27,85,85.7,72.1,14.4,19,36.7,12.7,47.1,55.1,347
India,Asia,Lower-Middle,2013,6421.26,281.21,68.67,26.73,146.4,0.97,1.86,0.98,116.3,29.83,85.2,88.1,71.4,15.1,18.8,35.7,12.3,47,55,345
India,Asia,Lower-Middle,2014,6552.89,284.51,67.98,24.64,149.4,1.01,1.59,0.87,105.3,20.8,86.8,87.7,72,15.9,19.1,33,11.1,50,54.9,345
India,Asia,Lower-Middle,2015,6792.92,256.26,69.47,24.17,151.4,0.94,1.65,0.88,111.6,27.89,84.9,86.8,72.3,15.1,18.5,33.3,10.3,47.7,54.9,339
India,Asia,Lower-Middle,2016,7203.87,274.42,70.37,27.45,134.4,0.97,1.61,0.95,97.6,25.96,85.3,86.9,71.6,16,18.2,33.6,10.6,48.7,54.6,340
India,Asia,Lower-Middle,2017,7218.45,300.14,69.69,24.23,157.3,0.92,1.78,0.95,99.3,18.22,86.5,86.9,74.6,15.8,18,29.9,11.5,50.8,54.5,333
India,Asia,Lower-Middle,2018,7227.52,305.8,71.14,23.08,140.7,0.96,1.74,0.9,102,22.62,86,86.4,73.6,16.8,17.8,30.3,9.8,50.1,54.4,335
India,Asia,Lower-Middle,2019,7896.07,320.91,70.89,22.32,141.2,0.9,1.71,0.89,91.2,16.57,87.9,87.5,74.8,16,18,32.3,9.5,53.3,54,336
India,Asia,Lower-Middle,2020,7670.48,312.68,69.92,24.2,138.3,0.97,1.6,0.91,105.9,23.59,69.5,86.9,75.9,16.2,17.5,31.9,10.7,36.8,54.1,336
India,Asia,Lower-Middle,2021,8030.73,352.62,71.78,22.05,133.4,1.04,1.48,0.82,85.5,18.3,69.7,88.4,74.1,15.8,18.9,34.2,8.9,39,53.8,341
India,Asia,Lower-Middle,2022,8870.25,326.97,72.33,23.09,131.2,1.05,1.73,0.79,84.4,16.29,85.6,89.1,74,16.4,18.2,32.6,9.4,52.4,53.4,337
India,Asia,Lower-Middle,2023,8363.42,381.13,72.98,22.57,123,1.03,1.8,0.77,93.9,16.93,87,87.2,75.3,17.2,16.9,30.1,8.7,52.8,53.5,330
India,Asia,Lower-Middle,2024,8734.63,345.45,72.53,24.7,144.6,0.99,1.78,0.8,94,12.69,88.3,89.2,75.6,18.2,17.2,29,7.6,54,53.4,333
Japan,Asia,High,2010,37836.17,4303.29,76.04,3.19,9.5,2.87,4,0.2,7.2,0,96,98.4,97.3,24.4,18.5,10.9,2,95,20.1,321
Japan,Asia,High,2011,40702.65,4944.99,76.77,3.09,8.8,3.19,3.82,0.18,6.8,0,95,98,99.7,26.3,16.9,10.6,1.9,95,15.8,322
Japan,Asia,High,2012,44216.79,4660.78,76.96,2.96,10.3,2.92,4.15,0.2,7.2,0,94.9,100,99,26.6,17.7,9.6,2.1,95,14.8,324
Japan,Asia,High,2013,42528.39,4406.86,77.12,3.08,10.4,3.17,4.31,0.18,6.4,0,95.5,100,100,25.6,17.6,9.7,1.8,95,16.9,319
Japan,Asia,High,2014,44545.39,4907.33,77.81,2.96,9.5,3.11,4.32,0.18,6.2,0,94.8,99.2,100,24.6,17.3,10.9,1.6,95,13.6,315
Japan,Asia,High,2015,41441.48,4627.6,78.93,3.13,9,3.32,4.37,0.2,6.3,0,95.2,100,100,26.3,17.8,10.3,1.8,95,16.6,321
Japan,Asia,High,2016,49792.42,5332.02,78.9,3.08,9.3,3.57,3.81,0.18,6.2,0,97.4,100,99.8,27.4,17.4,8.4,1.8,95,8.8,320
Japan,Asia,High,2017,44551.86,5141.45,78.8,3.04,9.3,3.06,4.31,0.16,6.3,0,96,100,100,28,16.8,9.5,1.7,95,12.7,323
Japan,Asia,High,2018,50051.33,5634.77,79.77,2.57,9.4,3.36,4,0.16,6.7,0,96.3,100,100,28.2,16.7,9,1.7,95,7.4,321
Japan,Asia,High,2019,48731.43,6131.53,81.12,2.78,8.7,2.89,3.86,0.16,5.9,0,95.4,100,100,27.9,15.5,9.1,1.5,95,6.2,315
Japan,Asia,High,2020,53090.39,6031,79.45,2.74,8.9,2.98,4.25,0.17,6.1,0,77.4,100,100,26.7,16.8,8.7,1.6,95,5,315
Japan,Asia,High,2021,52579.55,5445.99,80.37,2.96,8.3,3.53,4.03,0.16,5.8,0,78.1,100,100,25.9,15.2,9.3,1.7,95,6.7,308
Japan,Asia,High,2022,52305.27,5941.71,81.92,2.93,7.7,3.27,4.15,0.17,6.5,0,95.9,100,100,28.3,15.5,9.4,1.6,95,5,316
Japan,Asia,High,2023,53126.97,6306.09,82.82,2.99,8.8,3.39,4.5,0.15,5.5,0,98.5,100,100,28.9,15.2,9.5,1.6,95,5,316
Japan,Asia,High,2024,59723.34,6012.12,82.52,2.8,8.4,3.77,4.29,0.14,5.3,0,97.6,100,100,29.6,15.7,8.5,1.4,95,5,319
South Korea,Asia,High,2010,39261.36,3992.08,81.82,3.04,10,3.09,4.16,0.2,6.7,0,93.7,98.9,99.3,24.5,19.2,9.8,2.2,95,20.5,313
South Korea,Asia,High,2011,40801.79,4946.3,82.78,3.07,10.5,3.09,3.99,0.21,7,0,97.2,98.9,98.8,25.1,18,9.3,2,95,15.7,309
South Korea,Asia,High,2012,38598.68,4599.16,83.42,2.88,8.5,3.41,3.99,0.2,6.7,0,95.6,99.6,97.8,25.6,17.8,8.7,2.1,95,18.4,308
South Korea,Asia,High,2013,42500.63,4639.4,82.7,3.22,8.6,3.19,4.17,0.19,6.7,0,94.8,100,98.8,24.9,18.3,10.2,1.7,95,15.9,311
South Korea,Asia,High,2014,49720.49,5177.94,84.23,3.08,10.9,2.98,3.97,0.16,6.7,0,95.7,99.9,97.9,25.3,18.5,9.2,1.9,95,9.5,309
South Korea,Asia,High,2015,42393.27,5224.5,84.48,2.74,8.8,3.18,4.11,0.17,6.3,0,94.9,100,99.9,24.7,17.1,10.5,1.9,95,13.7,304
South Korea,Asia,High,2016,44989.64,5566.47,85.32,2.9,9,3.15,4.12,0.17,7.2,0,97.6,100,100,26.1,17.1,9.9,1.4,95,10.7,307
South Korea,Asia,High,2017,46657.63,5058.1,84.92,2.8,9.4,3.42,4.12,0.17,6.4,0,97.2,100,100,25.1,16.9,9,1.7,95,11.8,301
South Korea,Asia,High,2018,50264.77,5725.58,86.13,2.82,9.2,3.25,3.9,0.16,5.7,0,95.8,100,100,26.4,16.5,9.7,1.8,95,6.9,305
South Korea,Asia,High,2019,47930.18,5346.96,87.35,2.78,7.7,3.13,4.06,0.16,5.7,0,98.1,100,100,27.4,17.6,9.2,1.4,95,9.9,310
South Korea,Asia,High,2020,51970.5,6122.33,86.27,3.11,9.7,3.49,4.36,0.17,4.6,0,78.8,100,100,25.7,17.6,9.9,1.5,95,5,306
South Korea,Asia,High,2021,53994.76,5654.31,87.16,2.88,9.6,3.48,4.76,0.15,4.9,0,76.9,100,100,26,16,9.2,1.5,95,5,300
South Korea,Asia,High,2022,54308.13,6353.53,87.62,2.71,9.1,3.12,3.67,0.16,5.7,0,97.4,100,100,27.2,17.1,7.7,1.6,95,5,304
South Korea,Asia,High,2023,61979.64,6269.32,89.55,2.63,8.8,3.49,3.73,0.15,4.9,0,98.3,100,100,27.1,16.7,8.7,1.5,95,5,302
South Korea,Asia,High,2024,56440.41,6558.72,88.78,2.87,8.1,3.32,4.36,0.15,5,0,97.1,100,100,28.8,16.7,8.4,1.6,95,5,309
Indonesia,Asia,Lower-Middle,2010,5555.66,244.97,61.45,26.82,172.9,0.86,1.61,1.02,115.3,24.03,85,84.9,69.6,14.7,20,32.6,12.7,46.7,55.7,352
Indonesia,Asia,Lower-Middle,2011,6299.26,234.67,62.75,21.28,146.2,0.89,1.52,0.94,136.5,26.24,87.2,85.7,70.5,14.9,21.8,32.6,11.4,48.6,55.3,356
Indonesia,Asia,Lower-Middle,2012,6119.95,260.5,61.58,23.69,169.4,0.92,1.56,0.92,124.7,25.56,86.9,87.3,71.1,14.8,20.6,36.6,11.4,48.5,55.3,362
Indonesia,Asia,Lower-Middle,2013,6367.82,246.28,63.28,24.44,136.3,0.9,1.48,0.9,118.9,25.17,85.3,84.6,71.4,15,19.4,33.6,12,47.5,55.2,350
Indonesia,Asia,Lower-Middle,2014,6446.2,250.64,64.54,22.47,148.6,0.98,1.88,0.87,115.5,24.47,85.2,85.7,70.7,15.1,18.8,35.6,11.7,48.1,55.1,351
Indonesia,Asia,Lower-Middle,2015,7045.74,274.6,63.65,23.6,136.6,0.93,1.53,0.87,90.7,31.8,85.3,87.7,73,14.7,18.8,38.4,12.8,49.1,54.7,357
Indonesia,Asia,Lower-Middle,2016,7068.84,294.48,63.91,23.65,140.4,0.85,1.51,0.89,97.1,25.32,85.1,86.4,73.3,15.5,19.2,34.7,11.5,49.2,54.6,353
Indonesia,Asia,Lower-Middle,2017,7785.1,289.29,64.46,21.12,142.5,1.01,1.72,0.92,89.4,28.69,84.6,88.2,72.6,15.9,18.3,34.9,9.8,49.8,54.2,352
Indonesia,Asia,Lower-Middle,2018,7191.33,286.73,64.08,22.88,164.5,1.1,1.64,0.91,103.8,25.56,86.1,87.9,73.8,15.5,18.8,32.1,11.3,49.8,54.5,346
Indonesia,Asia,Lower-Middle,2019,7213.84,311.53,66.7,24.18,158.8,0.98,1.66,0.89,111.9,16.18,85.4,89.2,73.5,15.6,17.9,30.8,9.4,49.5,54.4,338
Indonesia,Asia,Lower-Middle,2020,8416.71,319.57,65.24,23.51,155.6,1.03,1.73,0.81,94.8,24.51,69.3,88.4,74.6,16.4,17.4,32.9,10,37.8,53.7,346
Indonesia,Asia,Lower-Middle,2021,8324.4,342.77,66.66,24.39,158.5,1.07,1.68,0.82,101.3,23.39,69.7,89.1,74.6,15.8,18.9,31.3,11.4,37.6,53.6,342
Indonesia,Asia,Lower-Middle,2022,7551.92,323.81,66.83,23.67,146.4,1.02,1.57,0.76,94.7,16.05,86.6,89.5,74.2,17.1,18.7,28,9.1,51.6,54.2,340
Indonesia,Asia,Lower-Middle,2023,7439.97,326.42,67.69,21.46,146.1,0.94,1.73,0.77,90,19.01,86.1,88.4,76.3,16.7,18.4,31.1,9.6,51.5,54.2,343
Indonesia,Asia,Lower-Middle,2024,7839.54,344.32,67.64,24.42,147.4,1.1,1.73,0.75,88.3,19.03,86.6,89.4,75.7,17.4,16.5,32.3,8.6,51.8,53.9,343
Philippines,Asia,Lower-Middle,2010,6259.59,237.99,73.57,22.09,159.3,0.98,1.48,1.14,118.4,25.24,83.8,84.8,69.9,14.6,19.8,35.6,11.7,46.6,55.3,339
Philippines,Asia,Lower-Middle,2011,5582.1,250.24,71.56,24.58,136.1,0.96,1.74,0.94,126.5,26.34,86.7,85,69.7,15,19.5,32.3,11.4,47.6,55.6,336
Philippines,Asia,Lower-Middle,2012,6345.82,280.94,72.24,23.95,151.5,0.97,1.75,0.97,112.5,29.69,85.4,85.3,71.3,14.5,19.2,32.6,12.6,47.8,55.1,333
Philippines,Asia,Lower-Middle,2013,5486.73,273.85,73.84,21.37,147.4,1,1.69,0.83,124,23.45,86.1,86.7,70.5,15.3,19.1,29.2,12.2,48,55.6,326
Philippines,Asia,Lower-Middle,2014,6459.58,260.9,74,24,142.8,1.01,1.54,0.91,108.4,32.72,85.6,87.3,71.7,14.9,19,32.6,11.5,47.9,55.1,331
Philippines,Asia,Lower-Middle,2015,7374.24,288.6,75.37,22.11,138.4,0.96,1.69,0.91,113.2,21.14,85.9,87.3,70.3,16.2,18.8,28.6,10.9,49.8,54.4,326
Philippines,Asia,Lower-Middle,2016,7091.84,288.58,75.68,24.36,144.5,1.02,1.66,1,92.2,24.16,86.1,87.7,71.8,14.6,18.8,32.8,11.6,50.2,54.6,327
Philippines,Asia,Lower-Middle,2017,6798.86,318.11,76.92,22.64,128,0.99,1.68,0.92,97.3,28.08,85.2,85.9,73.9,14.5,18.4,37.9,10.3,49.1,54.6,334
Philippines,Asia,Lower-Middle,2018,7023.07,303.95,75.89,23.24,146.3,0.97,1.83,0.89,105.6,19.81,87.5,87.5,73.6,15.3,17.8,32.8,9.8,51.2,54.6,326
Philippines,Asia,Lower-Middle,2019,7294.69,300.44,76.76,22,137.8,1.03,1.53,0.8,100,18.65,87.4,88.9,74.4,16.7,18.1,32.4,9.4,51.9,54.4,331
Philippines,Asia,Lower-Middle,2020,8554.35,358.09,76.07,23.5,152.8,1.03,1.65,0.89,95.6,20.62,69.1,86.9,74.4,16.5,17.8,33.5,9.1,38,53.4,332
Philippines,Asia,Lower-Middle,2021,7616.01,326.18,76.43,23.87,131.1,1.12,1.88,0.84,101.8,16.13,70.6,89.7,75.4,16.2,16.2,29.3,8.9,38.5,54.1,317
Philippines,Asia,Lower-Middle,2022,7817.94,337.46,77.35,21.31,126.1,1.02,1.81,0.8,86.5,17.02,87.3,89.5,72.3,16.8,18.3,28.2,8.5,53.1,54,323
Philippines,Asia,Lower-Middle,2023,8210.89,326.96,78.16,19.67,124.7,1.15,1.65,0.86,90.3,12.65,87.8,89.3,75,16.6,17.6,31.1,9.6,54.1,53.8,324
Philippines,Asia,Lower-Middle,2024,8755.09,321.11,78.16,26.02,141.2,1.2,1.86,0.8,87.4,16.38,85.9,89.8,77,16.3,17.4,30.9,8.1,51.9,53.5,322
Vietnam,Asia,Lower-Middle,2010,6199.09,260.58,66.79,27.41,161.6,1.01,1.53,0.93,116.6,30.03,85,84.7,68.4,15.2,21.6,36.7,12.7,46.6,55.2,358
Vietnam,Asia,Lower-Middle,2011,6356.89,258.52,68.1,26.26,149.1,0.9,1.55,1,116.1,29.55,85.5,86.1,71.5,15.1,19.4,34.6,12,47.3,55.2,346
Vietnam,Asia,Lower-Middle,2012,5776.23,281.66,68.05,26.09,166.1,0.92,1.62,0.96,115,24.15,86.8,85.4,71.4,14.4,20.7,37.2,11.8,48.4,55.4,352
Vietnam,Asia,Lower-Middle,2013,6465.79,273.92,69.76,22.67,158.9,0.92,1.59,0.94,110.4,26.37,84.5,86.9,69.7,15.6,19.6,32.2,11.7,47.7,55,341
Vietnam,Asia,Lower-Middle,2014,6196.86,275.66,67.95,25.9,140.1,0.95,1.62,0.9,111.4,19.72,86.2,87.9,74.1,15.6,20,30.6,12.5,48.8,55.2,342
Vietnam,Asia,Lower-Middle,2015,7167.8,274.3,69.96,24.67,144.1,1,1.52,0.97,100.3,20.74,85.1,87.4,71.6,15.1,19,33.9,10.1,49.2,54.6,340
Vietnam,Asia,Lower-Middle,2016,6672.3,326.74,69.13,24.42,144.2,0.97,1.66,0.95,104.5,19.32,87.1,87,74,14.8,19.3,37.4,10.5,50.6,54.7,348
Vietnam,Asia,Lower-Middle,2017,7178.15,302.77,69.73,24.29,143.6,0.96,1.72,0.91,106.8,25.58,86,86.7,72.4,16,18.4,32.2,10.2,49.4,54.5,339
Vietnam,Asia,Lower-Middle,2018,8230.33,254.24,70.37,27.15,147.4,1.04,1.64,0.85,84,22.59,85.7,87,72.9,17,20.1,33.3,10,50.7,54,349
Vietnam,Asia,Lower-Middle,2019,7171.48,321.29,71.97,24.09,121.1,1.05,1.72,0.79,101.3,22.44,86.5,87.4,74.7,16.1,17.7,28.5,11,50.4,54.4,327
Vietnam,Asia,Lower-Middle,2020,7854.95,321.69,70.36,23.78,134.9,1,1.47,0.82,95.1,21.96,69.7,89.1,75.4,17,18.6,32.2,9.2,37.8,54,343
Vietnam,Asia,Lower-Middle,2021,8337.46,360.51,71.25,27.21,129.5,0.97,1.72,0.84,105.1,19.17,69.3,88.6,73.2,16,18.7,33.5,9.8,37.1,53.6,340
Vietnam,Asia,Lower-Middle,2022,7512.64,327.8,71.43,25.7,136.8,0.98,1.66,0.79,103.7,16.3,85.8,87.2,75,16.5,17.2,33.7,9.8,50.2,54.2,338
Vietnam,Asia,Lower-Middle,2023,8388.15,370.54,72.98,22.68,131.4,1.09,1.7,0.81,84.2,19,86.6,89.3,76.8,16.6,16.9,29.2,9.7,52.7,53.5,326
Vietnam,Asia,Lower-Middle,2024,8689.28,347.29,72.7,24.4,132.4,1.07,1.61,0.75,83.4,15.59,87.3,90,72.5,16.6,17.4,33.6,8.2,53.6,53.4,337
Pakistan,Asia,Lower-Middle,2010,6211.3,272.22,65.15,23.12,149.1,0.95,1.42,0.91,112.6,27.42,85,85.8,69.5,14.2,20.9,32.6,10.8,47.6,55.2,347
Pakistan,Asia,Lower-Middle,2011,6521.05,246.67,65.79,25.32,163.6,0.88,1.7,0.9,116.1,24.88,86.3,85.5,69.9,15.5,20,35.7,10.6,48.5,55.1,355
Pakistan,Asia,Lower-Middle,2012,6206.08,259.94,66.22,25.55,129.9,0.92,1.56,0.95,100.7,26.68,82.3,85.1,70.1,15.6,18.8,33.6,12.4,45.7,55.2,347
Pakistan,Asia,Lower-Middle,2013,6865.15,281.98,66.36,25.1,147.8,0.91,1.62,0.94,117.1,26.03,86,87.3,72.1,14.9,19.3,35.4,11.7,48.5,54.8,349
Pakistan,Asia,Lower-Middle,2014,6345.93,264.16,67.68,23.05,146.3,1,1.6,0.92,95.1,27.05,84.5,86.1,72,16.3,19.3,31.9,11.6,48.2,55.1,345
Pakistan,Asia,Lower-Middle,2015,6796.67,261.55,67.4,26.08,150.2,0.93,1.74,0.88,89.6,18.84,86.2,86.8,73.4,16,18.5,33,10.6,50.3,54.9,344
Pakistan,Asia,Lower-Middle,2016,6488.2,337.16,68.24,24.15,154,0.98,1.6,0.9,102.1,25.35,85.3,88.3,72.8,16.3,19.2,32.6,10.5,48.7,54.8,346
Pakistan,Asia,Lower-Middle,2017,7554.04,284.56,68.38,23.88,136.9,1.06,1.51,0.85,105,25.53,85.3,87.9,74.2,16.1,19.7,28.9,10.5,49.2,54.3,339
Pakistan,Asia,Lower-Middle,2018,7873.95,321.31,68.64,23.14,150.3,1,1.68,0.95,85.1,21.41,85.5,87.4,74.3,16.3,19.5,32.3,9.8,51.2,54,345
Pakistan,Asia,Lower-Middle,2019,7660.46,300.54,69.15,24.99,146.1,0.93,1.56,0.86,90.8,25.07,85.4,87.8,73.9,15.5,17.4,30.3,9,50,54.2,331
Pakistan,Asia,Lower-Middle,2020,7693.11,316.92,68.57,24.11,163.1,1.06,1.49,0.89,86.6,20.84,69.4,88.5,74.3,16.3,17.2,30.4,9.5,37.9,54.1,335
Pakistan,Asia,Lower-Middle,2021,8280.8,344.27,69.03,23.75,154.4,1.05,1.65,0.84,86.7,16.11,69.7,89.4,75.2,16.6,17.6,29.3,9.5,39.1,53.7,334
Pakistan,Asia,Lower-Middle,2022,8188.02,329.45,70.23,22.87,137.8,1.03,1.63,0.91,92.8,16.08,87.1,88.5,74.7,17.9,17.1,31.2,9.2,52.7,53.8,340
Pakistan,Asia,Lower-Middle,2023,7979.74,324.93,70.14,21.59,113.1,1.03,1.84,0.83,71.5,15.96,86.8,88.5,76.2,17.5,16.5,31.5,9.5,53.6,53.9,337
Pakistan,Asia,Lower-Middle,2024,9396.2,410.17,70.74,26.49,136.9,0.98,1.71,0.78,80.7,13.45,87.2,90.9,75.8,17.3,17.1,31.9,7.4,54,52.7,338
Australia,Oceania,High,2010,39857.76,4432.65,80.5,3.06,10.9,2.97,3.91,0.2,7.1,0,95,98.7,97.5,24.1,18.1,10.7,2.1,95,18.4,311
Australia,Oceania,High,2011,38611.48,4896.57,80.96,3.01,9.6,2.98,3.89,0.18,6.9,0,95,100,98.4,25.5,16.5,11.2,2.1,95,17.2,312
Australia,Oceania,High,2012,41796.59,4126.24,81.8,2.63,10.5,3.05,3.67,0.21,6.9,0,95.4,98.4,100,24.9,16.8,10.5,2.1,95,18.4,308
Australia,Oceania,High,2013,43510.08,5438.77,82.16,2.8,9.7,3.26,3.72,0.2,6.1,0,96.6,99.8,99.3,26.2,18.2,10,1.7,95,12.1,316
Australia,Oceania,High,2014,43656.24,4973.73,82.78,2.68,10.6,3.06,3.55,0.18,6,0,97.6,100,99.3,25.7,17,9.7,1.9,95,13.9,309
Australia,Oceania,High,2015,48781.23,5077.59,84.05,2.98,9.5,3.41,3.97,0.18,6.9,0,95.9,100,100,26.4,17.6,9.7,1.8,95,10.4,312
Australia,Oceania,High,2016,50735.31,5122.02,84.17,2.76,10.2,3.09,3.92,0.18,6.6,0,95.4,100,100,24.2,16.5,8.3,1.6,95,9.1,297
Australia,Oceania,High,2017,40804.79,5310.99,83.34,2.8,8.8,3.15,3.86,0.2,6.4,0,96,100,100,25.2,16.6,10.4,1.6,95,14.3,306
Australia,Oceania,High,2018,49145.55,5015.03,85.07,2.94,10.4,3.06,3.83,0.17,5.7,0,95.4,100,100,26.1,16.7,9.1,1.6,95,10.5,305
Australia,Oceania,High,2019,51264.85,5290.36,85.05,2.78,8.7,3.35,3.81,0.18,6,0,96.7,100,100,27.4,16,8.6,1.4,95,8.1,307
Australia,Oceania,High,2020,51191.24,5731.42,85.35,2.83,10.7,3.11,4.23,0.17,5.7,0,78.1,100,100,27.4,15.8,8.3,1.6,95,6.4,306
Australia,Oceania,High,2021,53322.72,5721.84,85.17,3.19,10.5,3.44,4.11,0.17,4.2,0,77.7,100,100,25.7,15.9,9.2,1.6,95,5.1,301
Australia,Oceania,High,2022,55936.51,5681.44,85.27,2.42,8.7,3.14,4.01,0.16,5.2,0,97.3,100,100,27.9,15.7,8.5,1.6,95,5,308
Australia,Oceania,High,2023,58461.24,5814.89,86.8,2.73,9.3,3.41,4.12,0.18,4.3,0,96.6,100,100,28.1,15.3,8.2,1.3,95,5,304
Australia,Oceania,High,2024,55869.88,6709.94,87.37,2.77,10.6,3.39,3.97,0.16,4.6,0,96.2,100,100,28.2,14.9,8.7,1.3,95,5,304
New Zealand,Oceania,High,2010,43056.66,4610.31,83.01,2.42,10.7,3.22,4.2,0.2,6.4,0,95.6,99.7,99.1,25.2,17.9,10.1,1.9,95,15.7,310
New Zealand,Oceania,High,2011,41421.86,4817.21,84.03,3.36,12,3.27,3.39,0.21,6.7,0,94.8,99,99.3,23.8,17.4,10.2,2,95,15.9,302
New Zealand,Oceania,High,2012,43760.07,4459,83.54,2.88,10.5,3.53,3.78,0.19,6.1,0,96.3,100,99.7,25.9,17.5,9.7,2.1,95,15.9,310
New Zealand,Oceania,High,2013,43062.48,5027.38,84.61,2.62,8.8,3.22,4.46,0.19,7.2,0,97.1,99.2,100,25.4,17.5,10.6,1.7,95,14.1,309
New Zealand,Oceania,High,2014,41776.88,4955.94,84.84,3.52,10.7,3.28,4.03,0.17,6,0,97.1,100,100,25.5,17.5,9.4,2,95,15.1,306
New Zealand,Oceania,High,2015,45564.86,5058.66,84.23,2.88,10.7,3.19,4.11,0.19,5.7,0,95.4,100,99.6,26.3,18.5,10.1,1.6,95,12.4,314
New Zealand,Oceania,High,2016,49880.06,5120.82,86.87,3.03,8,3.23,4.5,0.18,5.8,0,94.3,100,100,26.8,18.2,10,1.8,95,9.6,312
New Zealand,Oceania,High,2017,53177.27,5476.21,86.41,3.05,11,3.35,4.16,0.18,6.6,0,95,100,100,26.2,16.4,10.9,1.7,95,6.2,306
New Zealand,Oceania,High,2018,47489.58,5774.58,87.46,2.83,10.5,3.32,4.23,0.16,5.4,0,98.1,100,100,26.6,16.6,9.3,1.6,95,8.4,303
New Zealand,Oceania,High,2019,50253.4,6010.9,87.57,2.96,10.6,3.56,4.14,0.16,5.9,0,96.8,100,100,25.9,15.5,9.4,1.5,95,5.8,298
New Zealand,Oceania,High,2020,51602.81,5961.79,87.93,2.59,9.6,3.6,4.54,0.18,6.2,0,77.2,100,100,27.7,16.5,8.4,1.5,95,5.2,305
New Zealand,Oceania,High,2021,55951.83,6019.38,87.98,2.9,11,3.6,4.31,0.16,5.7,0,77.9,100,100,26.7,16.5,9.1,1.5,95,5,303
New Zealand,Oceania,High,2022,55639.39,6063.51,89.67,2.81,8.7,3.88,4.5,0.16,4.9,0,97.2,100,100,27,16.4,9.4,1.5,95,5,302
New Zealand,Oceania,High,2023,57893.8,6151.06,89.54,2.96,10.1,3.58,4.73,0.14,6.2,0,96.9,100,100,28.8,15.3,8.9,1.3,95,5,305
New Zealand,Oceania,High,2024,58044.1,6275.52,89.94,2.66,9.3,3.7,4.66,0.15,4.8,0,97.6,100,100,26.7,15.4,8.3,1.4,95,5,295
